video_title,video_url,thumbnail,channel_name,channel_url,views,uploaded,description
72 HOORAIN Official Trailer,https://www.youtube.com/watch?v=5gH3NG2VIug,https://www.youtube.com/watch?v=5gH3NG2VIug,Bollywood Hungama,https://www.youtube.com/@BollywoodHungama,2M views,1 day ago,"""72 Hoorain"" is a tale, where conviction merges with chaos, where belief dances with brutality, and where the unimaginable becomes a haunting reality. Prepare to be swept away by ""72 Hoorain,""..."
Tum Kya Mile - Rocky Aur Rani Kii Prem Kahaani | Ranveer | Alia | Pritam | Amitabh | Arijit | Shreya,https://www.youtube.com/watch?v=taRBVfDRukY,https://www.youtube.com/watch?v=taRBVfDRukY,Saregama Music,https://www.youtube.com/@SaregamaMusic,29M views,1 day ago,"This season, we invite you to fall in love with Tum Kya Mile from Rocky Aur Rani Kii Prem Kahaani. Song Credits: Singer: Arijit Singh & Shreya Ghoshal Composer: Pritam Lyrics: Amitabh Bhattacharya..."
‚ù§Ô∏è 21-06-2023 ‚ù§Ô∏è | The Day We Became Parents ü§≤,https://www.youtube.com/watch?v=yQg1Rkdpcoc,https://www.youtube.com/watch?v=yQg1Rkdpcoc,Shoaib Ibrahim Official,https://www.youtube.com/@ShoaibIbrahimOfficial,5.4M views,2 days ago,My instagram:- https://instagram.com/shoaib2087?igshid=ji3wjs56r2jc My twitter:- https://twitter.com/shoaib_ibrahim1?s=21 Music: Joy Musician: ASHUTOSH Site: https://soundcloud.com/grandakt/joy
Puneet Superstar & Fukra insaan Fight With TV Actors! (BIGG BOSS),https://www.youtube.com/watch?v=R_Qy9xzeKi8,https://www.youtube.com/watch?v=R_Qy9xzeKi8,Thugesh,https://www.youtube.com/@Thugesh,3.7M views,1 day ago,"This is a follow up video to the bigg boss ott roast video we made few days ago, we talk about puneet superstar returns, fukra insaan fights with pooja bhatt, bebita and other contestants and..."
Tere Bin 2nd Last Ep - [Eng Sub] - Digitally Presented by Nisa BB Cream - Yumna Zaidi - Wahaj Ali,https://www.youtube.com/watch?v=5L72m71en8k,https://www.youtube.com/watch?v=5L72m71en8k,HAR PAL GEO,https://www.youtube.com/@HarPalGeoOfficial,18M views,23 hours ago,Thanks for watching Har Pal Geo. Please click here https://bit.ly/3rCBCYN to Subscribe and hit the bell icon to enjoy Top Pakistani Dramas and satisfy all your entertainment needs. Do you know...
What is NATO | NATO+ | CENTO |SEATO | WARSAW PACT | BAGHDAD PACT | UPSC New Batch Launched,https://www.youtube.com/watch?v=bgXllc6gaTI,https://www.youtube.com/watch?v=bgXllc6gaTI,Khan GS Research Centre,https://www.youtube.com/@khangsresearchcentre1685,1.3M views,22 hours ago,Khan Sir Official App Link Here :- https://play.google.com/store/apps/details?id=xyz.penpencil.khansirofficial&hl=en_IN Website Link :- https://khanglobalstudies.com/ twitter Link :- https://twi...
Horrid Indian Friends | EP - 02,https://www.youtube.com/watch?v=kJFZ5PxD1_w,https://www.youtube.com/watch?v=kJFZ5PxD1_w,HardToonz,https://www.youtube.com/@Hardtoonz22,1.2M views,1 day ago,"Download World of Warships now!! : https://wo.ws/3Njs8fj For Console, download here: https://wo.ws/43WtMKK Use Code ""PCBATTLE"" to get American Ship Charleston, Japanese Ship Mikasa, Soviet..."
King of Kotha Official Teaser | Dulquer Salmaan | Abhilash Joshiy | Jakes Bejoy,https://www.youtube.com/watch?v=7tHHa20U1UI,https://www.youtube.com/watch?v=7tHHa20U1UI,Sony Music South,https://www.youtube.com/@SonyMusicSouth,8.5M views,1 day ago,"Cast: Dulquer Salmaan, Aishwarya Lekshmi, Dancing Rose Shabeer, Prasanna, Nyla Usha, Chemban Vinod, Gokul Suresh, Shammi Thilakn, Shanthi Krishna, Vada Chennai Saran, and Anikha Surendran ..."
Tere Bin Last Episode Teaser - 28th June 2023 - HAR PAL GEO,https://www.youtube.com/watch?v=jRVe8lB1i1M,https://www.youtube.com/watch?v=jRVe8lB1i1M,HAR PAL GEO,https://www.youtube.com/@HarPalGeoOfficial,12M views,22 hours ago,Thanks for watching Har Pal Geo. Please click here https://bit.ly/3rCBCYN to Subscribe and hit the bell icon to enjoy Top Pakistani Dramas and satisfy all your entertainment needs. Do you know...
‡§ú‡§æ‡§µ‡§à ‡§π‡§∞‡§µ‡§≤‡§æ ‡§™‡§Ç‡§¢‡§∞‡§™‡•Ç‡§∞ ‡§ö‡•ç‡§Ø‡§æ ‡§µ‡§æ‡§∞‡•Ä‡§§ üòÖ#‡§ï‡•â‡§Æ‡•á‡§°‡•Ä,https://www.youtube.com/watch?v=0pLLq7qJlOk,https://www.youtube.com/watch?v=0pLLq7qJlOk,Madhukar Kute,https://www.youtube.com/@Madhukar_Kute,154K views,2 days ago,
‡§™‡•ç‡§∞‡§•‡§Æ‡•á‡§∂‡§ö‡§Ç ‡§ï‡•á‡§≥‡§µ‡§£ ‡§Ü‡§£‡§ø ‡§ñ‡§æ‡§∏ ‡§â‡§ñ‡§æ‡§£‡§æ | Prathamesh Laghate's Kelvan & Special Ukhana | Mugdha Vaishampayan,https://www.youtube.com/watch?v=fKuyOQh_pUk,https://www.youtube.com/watch?v=fKuyOQh_pUk,Rajshri Marathi,https://www.youtube.com/@rajshrimarathi,195K views,1 day ago,‡§ó‡§æ‡§Ø‡§ï ‡§™‡•ç‡§∞‡§•‡§Æ‡•á‡§∂ ‡§≤‡§ò‡§æ‡§ü‡•á ‡§Ü‡§£‡§ø ‡§Æ‡•Å‡§ó‡•ç‡§ß‡§æ ‡§µ‡•à‡§∂‡§Ç‡§™‡§æ‡§Ø‡§® ‡§Ø‡§æ‡§Ç‡§ö‡•Ä ‡§≤‡§ó‡•Ä‡§®‡§ò‡§æ‡§à ‡§∏‡•Å‡§∞‡•Å ‡§ù‡§æ‡§≤‡•Ä ‡§Ü‡§π‡•á. ‡§™‡§æ‡§π‡•Ç‡§Ø...
Minecraft But Your XP = Your IQ...,https://www.youtube.com/watch?v=cAlF9-QOQZw,https://www.youtube.com/watch?v=cAlF9-QOQZw,ProBoiz 95,https://www.youtube.com/@ProBoiz95,1M views,23 hours ago,"So Today, I am going to play Minecraft But My XP = My IQ Level! Can I Reach the god level IQ? Let's see... FOLLOW ME : Instagram - https://www.instagram.com/proboiz_95 Twitter - https://twitter.co..."
Surviving 99 YEARS As SKIBIDI TOILET in GTA 5,https://www.youtube.com/watch?v=4-UUCtOCYzI,https://www.youtube.com/watch?v=4-UUCtOCYzI,TheLoudDude,https://www.youtube.com/@TheLoudDude,726K views,1 day ago,"Simply Gamer - https://www.youtube.com/@simplygamer_on Surviving 99 YEARS As SKIBIDI TOILET in GTA 5 Don't forget to leave a Like, Comment and Favorite, helps out a lot!! FOLLOW, LIKE AND..."
"Udd Jaa Kaale Kaava - Teaser | Gadar 2 | Sunny Deol, Ameesha Patel | Mithoon,Udit N,Alka Y | Uttam S",https://www.youtube.com/watch?v=8HvuZJBWtbk,https://www.youtube.com/watch?v=8HvuZJBWtbk,Zee Music Company,https://www.youtube.com/@zeemusiccompany,2.1M views,1 day ago,üëâüèª SUBSCRIBE to Zee Music Company - https://bit.ly/2yPcBkS Song: Udd Jaa Kaale Kaava Singer: Udit Narayan & Alka Yagnik Song Recreated and Rearranged by: Mithoon Original Composition:...
#3 Wedding vlog - Permanent Collaboration!,https://www.youtube.com/watch?v=77Y4kzNOVt0,https://www.youtube.com/watch?v=77Y4kzNOVt0,K18,https://www.youtube.com/@ketan_k18,945K views,1 day ago,#K18 #VLOGS #wedding üî¥K18 2nd channel : https://youtube.com/c/K18PLUS K18 discord link : https://discord.gg/YRDeNcj ---------------------------------------------------------------------------...
BREAKING MY OWN RECORD üòàSOLO VS SQUAD FF GAMEPLAY | GARENA FREE FIRE,https://www.youtube.com/watch?v=ejH2G3Ss8Fc,https://www.youtube.com/watch?v=ejH2G3Ss8Fc,Total Gaming,https://www.youtube.com/@TotalGaming093,720K views,11 hours ago,üì∑ Instagram: https://www.instagram.com/totalgaming_official/ üïäÔ∏èTwitter:- https://twitter.com/total_gaming093 üëç Facebook: https://facebook.com/totalgaming093 üì∂Telegram: https://t.me/to...
Sandeep Bhaiya | Official Trailer | Streaming from 30th June on YouTube | TVF,https://www.youtube.com/watch?v=_dsSzmFy8gA,https://www.youtube.com/watch?v=_dsSzmFy8gA,The Viral Fever,https://www.youtube.com/@TheViralFever,3.3M views,3 days ago,Zindagi mein ek hi mauka chahiye saare failures ko success mein badalne ka aur wahi ek mauke ki kahaani laaye hain Sandeep Bhaiya jinhone sapne ko satya mein badal ke rakh diya! Unacademy...
Real Reason Behind TITAN'S Wreakage Found | It Could've Been Easily Avoided,https://www.youtube.com/watch?v=GLJIEeNkzEQ,https://www.youtube.com/watch?v=GLJIEeNkzEQ,Gaurav Thakur,https://www.youtube.com/@GauravThakur-GSF,863K views,23 hours ago,"Buy term life insurance and get online discount upto 10% Register link - https://shorturl.at/bnI37 Hello friends, Gaurav here‚Ä¶ And 111 years after the sinking of Titanic, the whole world..."
"Uddhav Thackeray ‡§ó‡§ü‡§æ‡§ö‡§æ ‡§π‡§æ‡§Ø‡§ï‡•ã‡§∞‡•ç‡§ü‡§æ‡§§ ‡§Æ‡•ã‡§†‡§æ ‡§µ‡§ø‡§ú‡§Ø, Eknath Shinde ‡§∏‡•á‡§®‡•á‡§≤‡§æ ‡§ù‡§ü‡§ï‡§æ, ‡§®‡•á‡§Æ‡§ï‡§Ç ‡§ï‡§æ‡§Ø ‡§ò‡§°‡§≤‡§Ç? | Shiv Sena",https://www.youtube.com/watch?v=sM3qyiMQKW0,https://www.youtube.com/watch?v=sM3qyiMQKW0,Mumbai Tak,https://www.youtube.com/@MumbaiTak,278K views,1 day ago,üî¥‡§≤‡•â‡§º‡§ó ‡§á‡§® ‡§ï‡§∞‡§æ: https://www.mumbaitak.in/ #UddhavThackeray #EknathShinde #ShivSena ‡§†‡§æ‡§ï‡§∞‡•á ‡§Ü‡§£‡§ø ‡§∂‡§ø‡§Ç‡§¶‡•á‡§Ç‡§Æ‡§ß‡•ç‡§Ø‡•á ‡§∏‡•Å‡§™‡•ç‡§∞‡•Ä‡§Æ ‡§ï‡•ã‡§∞‡•ç...
We are blessed with a Baby Boy | Alhamdulillah ü§≤,https://www.youtube.com/watch?v=qaQruOiw44I,https://www.youtube.com/watch?v=qaQruOiw44I,Shoaib Ibrahim Official,https://www.youtube.com/@ShoaibIbrahimOfficial,5.2M views,4 days ago,My instagram:- https://instagram.com/shoaib2087?igshid=ji3wjs56r2jc My twitter:- https://twitter.com/shoaib_ibrahim1?s=21
Puneet Superstar and Fukra Insaan in Bigg Boss (Roast),https://www.youtube.com/watch?v=hzrGbd6PKaw,https://www.youtube.com/watch?v=hzrGbd6PKaw,Triggered Insaan,https://www.youtube.com/@triggeredinsaan,12M views,5 days ago,We are talking about Lord Puneet and Abhishek aka Fukra Insaan in Bigg Boss OTT. Instagram ‚ñ∫ https://www.instagram.com/triggeredinsaan Facebook ‚ñ∫ https://www.facebook.com/realtriggeredinsaan...
SOLO MIRAMAR DOMINATION | TOURNAMENT GAMEPLAY | BGMI,https://www.youtube.com/watch?v=Uem4SYi9vgQ,https://www.youtube.com/watch?v=Uem4SYi9vgQ,JONATHAN GAMING,https://www.youtube.com/@JONATHANGAMINGYT,1M views,3 days ago,"If you liked the Video don‚Äôt forget to Like, Share and Subscribe. Hey Guys, Welcome to my Youtube Channel, I'm Jonathan Amaral, you might know me as Jonathan Gaming. I started my professional..."
‡§Ü‡§∑‡§æ‡§¢‡•Ä ‡§è‡§ï‡§æ‡§¶‡§∂‡•Ä ‡§®‡§ø‡§Æ‡§ø‡§§‡•ç‡§§ ‡§¶‡§æ‡§¶‡§∞‡§ö‡•Ä ‡§∏‡•ç‡§µ‡§æ‡§¶‡§ø‡§∑‡•ç‡§ü ‡§´‡§∞‡§æ‡§≥‡•Ä ‡§Æ‡§ø‡§∏‡§≥ ‡§Ü‡§£‡§ø ‡§â‡§™‡§µ‡§æ‡§∏‡§æ‡§ö‡•á ‡§Æ‡•á‡§¶‡•Ç ‡§µ‡§°‡•á | Upvas Recipe In Marathi,https://www.youtube.com/watch?v=_wZRCRfUnvI,https://www.youtube.com/watch?v=_wZRCRfUnvI,Gharcha Swaad,https://www.youtube.com/@GharchaSwaad,87K views,1 day ago,Farali Misal Recipe | Upvasache MeduVade | ‡§Ü‡§∑‡§æ‡§¢‡•Ä ‡§è‡§ï‡§æ‡§¶‡§∂‡•Ä ‡§µ‡§ø‡§∂‡•á‡§∑ | ‡§â‡§™‡§µ‡§æ‡§∏‡§æ‡§ö‡•á ‡§™‡§¶‡§æ‡§∞‡•ç‡§• | ‡§Æ‡§π‡§æ‡§∞‡§æ‡§∑‡•ç‡§ü‡•ç‡§∞‡§æ‡§ö‡•Ä ‡§Æ‡§ø‡§∏‡§≥...
"‡§Ü‡§∑‡§æ‡§¢‡•Ä ‡§è‡§ï‡§æ‡§¶‡§∂‡•Ä ‡§∏‡§æ‡§†‡•Ä ‡§ù‡§ü‡§™‡§ü ‡§â‡§™‡§µ‡§æ‡§∏‡§æ‡§ö‡•Ä ‡§•‡§æ‡§≥‡•Ä ‡•§ ‡§â‡§™‡§µ‡§æ‡§∏‡§æ‡§ö‡•á ‡§ó‡•Å‡§≤‡§æ‡§¨‡§ú‡§æ‡§Æ, ‡§ò‡§æ‡§µ‡§£‡•á , ‡§µ‡§°‡•á ‡§Ü‡§£‡§ø ‡§¨‡§∞‡§Ç‡§ö ‡§ï‡§æ‡§π‡•Ä | Vrat ki Thali",https://www.youtube.com/watch?v=8JcJ_sqcuGA,https://www.youtube.com/watch?v=8JcJ_sqcuGA,MadhurasRecipe Marathi,https://www.youtube.com/@MadhurasRecipeMarathi,486K views,3 days ago,‡§Æ‡§ß‡•Å‡§∞‡§æ‡§ú‡•ç ‡§∞‡•á‡§∏‡§ø‡§™‡•Ä‡§ö‡•á ‡§®‡§µ‡•Ä‡§® ‡§™‡•Å‡§∏‡•ç‡§§‡§ï ‡§ñ‡§∞‡•á‡§¶‡•Ä ‡§ï‡§∞‡§£‡•ç‡§Ø‡§æ‡§∏‡§æ‡§†‡•Ä ‡§ñ‡§æ‡§≤‡•Ä ‡§¶‡§ø‡§≤‡•á‡§≤‡•ç‡§Ø‡§æ ‡§≤‡§ø‡§Ç‡§ï ‡§µ‡§∞ ‡§ï‡•ç‡§≤‡§ø...
Bye Bye Dubai üòÉ,https://www.youtube.com/watch?v=Hi2YorQwT6c,https://www.youtube.com/watch?v=Hi2YorQwT6c,Sourav Joshi Vlogs,https://www.youtube.com/@souravjoshivlogs7028,2.7M views,12 hours ago,Follow me on Instagram- https://www.instagram.com/souravjoshivlogs/?hl=en I hope you enjoyed this video hit likes. And do subscribe to my channel Thank you so much for watching god bless...
Purvi ‡§î‡§∞ Pankaj ‡§ï‡•ã ‡§Æ‡§ø‡§≤‡§æ ‡§è‡§ï Undercover Mission | Drama | CID | 28 June 2023 | Full Episode,https://www.youtube.com/watch?v=KSmk70WGIJA,https://www.youtube.com/watch?v=KSmk70WGIJA,LIV Crime,https://www.youtube.com/@LIVCrime,852K views,1 day ago,Click here to Subscribe to LIV Crime: https://www.youtube.com/channel/UCzXpAx4v6rFLYXkJZ5nmSvQ?sub_confirmation=1 A man who travels on a steam boat gets very disturbed seeing a girl having...
Ghum Hai Kisikey Pyaar Meiin: ‡§∏‡•á‡§ü ‡§™‡§∞ ‡§ê‡§∏‡•á ‡§Æ‡§®‡§æ‡§Ø‡§æ ‡§ó‡§Ø‡§æ ‡§∏‡§à ‡§î‡§∞ ‡§µ‡§ø‡§∞‡§æ‡§ü ‡§ï‡§æ ‡§Ü‡§ñ‡§∞‡•Ä ‡§¶‡§ø‡§® #sbs,https://www.youtube.com/watch?v=ztgAmePin5I,https://www.youtube.com/watch?v=ztgAmePin5I,Saas Bahu aur Saazish,https://www.youtube.com/@sbsabpnews,438K views,2 days ago,#ghumhaikisikeypyaarmeiin #saivirat #ghkkpm #ghumhaikisikepyaarmein #saiviratchavan #saiviratmahamilan #sbs #saasbahuaursaazish #sbsoriginals #viratsai #starplusshows #ayeshasingh #neilbhatt...
Ya Ali | Rap Version | RCR | Zubeen Garg,https://www.youtube.com/watch?v=4gaSgePRqYo,https://www.youtube.com/watch?v=4gaSgePRqYo,RCR,https://www.youtube.com/channel/UCRzXxnEyPeYxJ7XUc_BIjCQ,563K views,1 day ago,"Kardo Pathar Dil Ko Mere, Fir Bewafai Wala Cement Lagao.... Iss Daur Mein Sab Kuch Hai Paisa, Biktey Hai Dil Sahi Keemat Lagao.... Ya Ali ( Rap Version ) By @Rcrrapstar @zubeengargmusic4594..."
"Puneet Superstar, Bigg Boss Roast ft Fukra Insaan!",https://www.youtube.com/watch?v=DyB_YxOeNKA,https://www.youtube.com/watch?v=DyB_YxOeNKA,Thugesh,https://www.youtube.com/@Thugesh,5.8M views,4 days ago,"Hello in this video we talk about big boss ott 2 and contestants of bigg boss, we talk about puneet superstar and his elimination , we talk about fukra insaan and bebita fight and much more!..."
‡§™‡•ç‡§∞‡§ï‡§æ‡§∂ ‡§Ü‡§Ç‡§¨‡•á‡§°‡§ï‡§∞ ‡§§‡•Å‡§Æ‡•ç‡§π‡§æ‡§∞‡§æ ‡§¨‡§æ‡§™ ‡§π‡•à ‡§ï‡•ç‡§Ø‡§æ ? ‡§á‡§Æ‡•ç‡§§‡§ø‡§Ø‡§æ‡§ú‡§º ‡§ú‡§≤‡•Ä‡§≤ ‡§®‡•á ‡§ê‡§∏‡§æ ‡§ï‡•ç‡§Ø‡•ã‡§Ç ‡§ï‡§π‡§æ ?,https://www.youtube.com/watch?v=LQgFOHfWo7w,https://www.youtube.com/watch?v=LQgFOHfWo7w,Loknyay Hind,https://www.youtube.com/@LoknyayHind,313K views,3 days ago,Is Prakash Ambedkar your father ? MP Imtiaz Jaleel. Please Subscribe For more Video: https://www.youtube.com/channel/UCv6Sy9ECltF-lMOn_v8vJNw Facebook: https://www.facebook.com/loknyay.hind...
"‡§§‡§æ‡§∏‡§æ‡§≠‡§∞‡§æ‡§§ ‡§π‡•ã‡§à‡§≤ ‡§â‡§™‡§µ‡§æ‡§∏‡§æ‡§ö‡•Ä ‡§•‡§æ‡§≥‡•Ä | ‡§â‡§™‡§µ‡§æ‡§∏‡§æ‡§ö‡•á ‡§Æ‡§æ‡§≤‡§™‡•Å‡§è, ‡§® ‡§≠‡§ø‡§ú‡§µ‡§§‡§æ ‡§ï‡•Å‡§∞‡§ï‡•Å‡§∞‡•Ä‡§§ ‡§∏‡§æ‡§¨‡•Å‡§¶‡§æ‡§£‡§æ ‡§≠‡§ú‡•Ä, ‡§¶‡§π‡•Ä ‡§ö‡§ü‡§£‡•Ä Upvas Thali",https://www.youtube.com/watch?v=KJAhozI-UFE,https://www.youtube.com/watch?v=KJAhozI-UFE,Sarita's Kitchen,https://www.youtube.com/@saritaskitchen,180K views,2 days ago,"‡§∏‡§∞‡§ø‡§§‡§æ‡§ú ‡§ï‡§ø‡§ö‡§®‡§ö‡•Ä ‡§∏‡§∞‡•ç‡§µ ‡§â‡§§‡•ç‡§™‡§æ‡§¶‡§®‡•á ‡§∂‡•Å‡§¶‡•ç‡§ß, ‡§™‡§æ‡§∞‡§Ç‡§™‡§∞‡§ø‡§ï ‡§Ü‡§£‡§ø ‡§ï‡•á‡§Æ‡§ø‡§ï‡§≤ ‡§µ‡§ø‡§∞‡§π‡§ø‡§§ ‡§Ü‡§π‡•á‡§§. ‡§∏‡§∞‡§ø‡§§‡§æ..."
NEW! Taarak Mehta Ka Ooltah Chashmah | Ep 3809 | 28 June 2023 | Teaser,https://www.youtube.com/watch?v=ZtSARBB_acU,https://www.youtube.com/watch?v=ZtSARBB_acU,Sony SAB,https://www.youtube.com/@SonySAB,1.4M views,23 hours ago,Click here to subscribe to SAB: https://www.youtube.com/channel/UC6-F5tO8uklgE9Zy8IvbdFw?sub_confirmation=1 Episode 3809: Jethalal Ne Baati Mithaiyaan ---------------------------------------------...
Gokuldham ‡§Æ‡•á‡§Ç ‡§π‡•Å‡§à Renovation Party! | Taarak Mehta Ka Ooltah Chashmah | Monsoon Special,https://www.youtube.com/watch?v=_GEVbxFTyEY,https://www.youtube.com/watch?v=_GEVbxFTyEY,Sony SAB,https://www.youtube.com/@SonySAB,1M views,1 day ago,Click here to subscribe to Sony SAB Channel: https://www.youtube.com/channel/UC6-F5tO8uklgE9Zy8IvbdFw?sub_confirmation=1 Champaklal places his point of preparing normal and healthy food for...
Udaariyaan Promo - ‡§â‡§°‡§º‡§æ‡§∞‡§ø‡§Ø‡§æ‡§Ç - Udaariyaan 27 June Episode Highlight - Colors,https://www.youtube.com/watch?v=6US3AIS1UNU,https://www.youtube.com/watch?v=6US3AIS1UNU,Telly MEK,https://www.youtube.com/@TellyMek,343K views,2 days ago,Udaariyaan Promo - ‡§â‡§°‡§º‡§æ‡§∞‡§ø‡§Ø‡§æ‡§Ç - Udaariyaan 27 June Episode Highlight - Colors #HiteshBhardwaj #Udaariyan #TwinkleArora Telly MEK is your one stop destination for all...
BHOOT BANGLA - The Trap ( Episode - 2 ) || Rachit Rojha,https://www.youtube.com/watch?v=dFnjCQiZ2gc,https://www.youtube.com/watch?v=dFnjCQiZ2gc,Rachit Rojha,https://www.youtube.com/@RachitRojha,1.2M views,2 days ago,Horror Comedy Bhoot Bangla Episode -2 --------------------------------------------------------------------------------- Follow me on Instagram: https://www.instagram.com/rachitrojha ---------------...
Finally Granny Chapter 1 Mein Escape Karliyaüò≠üò≠,https://www.youtube.com/watch?v=W_KyUiaYKnI,https://www.youtube.com/watch?v=W_KyUiaYKnI,Live Insaan,https://www.youtube.com/@liveinsaan,2.3M views,3 days ago,Granny 1 completed. Mission Successful. Become a Channel Member ‚ñ∫ https://www.youtube.com/channel/UCFwKgzKe-EdTz83r6wzhmOw/join Instagram ‚ñ∫ https://www.instagram.com/triggeredinsaan ...
Adhura - Official Trailer | Prime Video India,https://www.youtube.com/watch?v=rIPnNOeQrs4,https://www.youtube.com/watch?v=rIPnNOeQrs4,Prime Video India,https://www.youtube.com/@PrimeVideoIN,1.2M views,1 day ago,"Prime Video Presents Adhura Official Trailer Directed by Gauravv K Chawla, Ananya Banerjee Starring: Rasika Dugal, Ishwak Singh, Shrenik Arora, Poojan Chabra, Rahul Dev, Zoa Morani Produced..."
#1 Wedding vlog - Game night!,https://www.youtube.com/watch?v=s0hkPXyad98,https://www.youtube.com/watch?v=s0hkPXyad98,K18,https://www.youtube.com/@ketan_k18,964K views,3 days ago,#K18 #VLOGS #wedding üî¥K18 2nd channel : https://youtube.com/c/K18PLUS K18 discord link : https://discord.gg/YRDeNcj ---------------------------------------------------------------------------...
Titanic Ki Talash | Mufti Tariq Masood Speeches üïã,https://www.youtube.com/watch?v=kil5I-CYBVU,https://www.youtube.com/watch?v=kil5I-CYBVU,Mufti Tariq Masood Speeches,https://www.youtube.com/@MuftiTariqMasoodSpeeches,327K views,1 day ago,Titanic Ki Talash | Mufti Tariq Masood Speeches üïã @MuftiTariqMasoodSpeeches ____________________________________________________________________ ‚û§ Stay connected with us! üëâ Subscribe...
‡§¶‡§æ‡§¶‡§æ -‡§™‡•ã‡§§‡•á ‡§ï‡•Ä ‡§ú‡•ã‡§°‡§º‡•Ä ‡§®‡•á ‡§ï‡•Ä Jetha ‡§ï‡•Ä ‡§ü‡§æ‡§Ç‡§ó ‡§ñ‡§ø‡§Ç‡§ö‡§æ‡§à | Taarak Mehta Ka Ooltah Chashmah | Comedy Express,https://www.youtube.com/watch?v=19-vx1edVFw,https://www.youtube.com/watch?v=19-vx1edVFw,LIV Comedy,https://www.youtube.com/@LIVComedy,2.6M views,4 days ago,"Click here to Subscribe to LIV Comedy: https://www.youtube.com/channel/UCBIT1FSJW6yTlzqK-31FDWg?sub_confirmation=1 Everyone is excited about renovation. Babita's brother is an architect,..."
"Chandrashekhar Ravan ‡§™‡§∞ ‡§π‡§Æ‡§≤‡•á ‡§∏‡•á ‡§†‡•Ä‡§ï ‡§™‡§π‡§≤‡•á ‡§ï‡§æ ‡§µ‡•Ä‡§°‡§ø‡§Ø‡•ã ‡§Ü‡§Ø‡§æ ‡§∏‡§æ‡§Æ‡§®‡•á, ‡§π‡§Æ‡§≤‡•á ‡§∏‡•á ‡§™‡§π‡§≤‡•á ‡§ï‡§æ EXCLUSIVE ‡§µ‡•Ä‡§°‡§ø‡§Ø‡•ã",https://www.youtube.com/watch?v=xcd1Ctv_GP8,https://www.youtube.com/watch?v=xcd1Ctv_GP8,Zee Uttar Pradesh UttaraKhand,https://www.youtube.com/@ZeeUttarPradeshUttarakhand,101K views,21 hours ago,"Chandrashekhar Ravan ‡§™‡§∞ ‡§π‡§Æ‡§≤‡•á ‡§∏‡•á ‡§†‡•Ä‡§ï ‡§™‡§π‡§≤‡•á ‡§ï‡§æ ‡§µ‡•Ä‡§°‡§ø‡§Ø‡•ã ‡§Ü‡§Ø‡§æ ‡§∏‡§æ‡§Æ‡§®‡•á, ‡§π‡§Æ‡§≤‡•á ‡§∏‡•á ‡§™‡§π‡§≤‡•á ‡§ï‡§æ EXCLUSIVE ‡§µ‡•Ä‡§°‡§ø‡§Ø‡•ã..."
Update vlog üíô ü§≤üèΩ| 18th june se 21st june tak | Alhamdulillah,https://www.youtube.com/watch?v=Prdptmn1p-4,https://www.youtube.com/watch?v=Prdptmn1p-4,Saba Ibrahim,https://www.youtube.com/@sabaKajahaan,2.5M views,2 days ago,#Partnership Check out Mamaearth's Amazing Soft Matte Lipstick MamaEarth: https://bit.ly/3o7qpRK Use my code Saba2023 to get a 20% off You can also buy them from- Amazon: https://amzn.to/3Oa8...
"‡§¨‡§∏ 1‡§™‡•Ä‡§∏ ‡§á‡§∏‡•á ‡§∞‡•ã‡§ú ‡§ñ‡§æ‡§≤‡•ã- ‡§ñ‡•Ç‡§® ‡§ï‡•Ä ‡§ï‡§Æ‡•Ä,‡§ï‡§Æ‡§ú‡•ã‡§∞‡•Ä,‡§•‡§ï‡§æ‡§®,‡§π‡§°‡•ç‡§°‡§ø‡§Ø‡•ã‡§Ç ‡§ï‡§æ ‡§¶‡§∞‡•ç‡§¶ ‡§¶‡•Ç‡§∞ ‡§≠‡§ó‡§æ‡§Ø‡•á,Protein ‡§Æ‡§ø‡§≤‡•á‡§ó‡•Ä ‡§≠‡§∞‡§™‡•Ç‡§∞ /Energy",https://www.youtube.com/watch?v=kTMCom5gIrc,https://www.youtube.com/watch?v=kTMCom5gIrc,Ray Kitchen,https://www.youtube.com/@RayKitchen,126K views,1 day ago,"Aaj mein aapko Protein, Fibre Se Bharpur Super Healthy Recipe bataungi‚Ä¶Bas 1 Piece Roz khalo ‚Ä¶Iss Mansoon Season‚Ä¶Energy bharpur milega‚Ä¶Roasted Chana Dal Recipe‚Ä¶Jaggery Recipe‚Ä¶ chana..."
Jonny Bairstow carries off Just Stop Oil protester who disrupted Lord's Ashes Test,https://www.youtube.com/watch?v=LhMSqHX4oOg,https://www.youtube.com/watch?v=LhMSqHX4oOg,The Telegraph,https://www.youtube.com/@telegraph,190K views,1 day ago,"Just Stop Oil protestors invaded the field at Lord‚Äôs on the first morning of the second Ashes Test. Before the first ball of the second over of the match, due to be bowled by Stuart Broad,..."
#2 Wedding vlog - Haldi Pool Party!,https://www.youtube.com/watch?v=k1PqFsIWamM,https://www.youtube.com/watch?v=k1PqFsIWamM,K18,https://www.youtube.com/@ketan_k18,655K views,2 days ago,#K18 #VLOGS #wedding üî¥K18 2nd channel : https://youtube.com/c/K18PLUS K18 discord link : https://discord.gg/YRDeNcj ---------------------------------------------------------------------------...
Ye Kha Aagye Car Leke üòç Desert Safari,https://www.youtube.com/watch?v=ZBvfW7A9GvI,https://www.youtube.com/watch?v=ZBvfW7A9GvI,Sourav Joshi Vlogs,https://www.youtube.com/@souravjoshivlogs7028,3.6M views,1 day ago,Follow me on Instagram- https://www.instagram.com/souravjoshivlogs/?hl=en facebook- https://www.facebook.com/souravjocvlogs I hope you enjoyed this video hit likes. And do subscribe to...
"Pinga | Baipan Bhari Deva | Suchitra, Shilpa, Sukanya, Deepa, Vandana | Manasee Hedaoo | Sai-Piyush",https://www.youtube.com/watch?v=G9jigWeQmAo,https://www.youtube.com/watch?v=G9jigWeQmAo,Zee Music Marathi,https://www.youtube.com/@zeemusicmarathi,333K views,3 days ago,SUBSCRIBE to Zee Music Marathi - https://bit.ly/2K8Hu9p To stream & download Full Song - Gaana - https://bit.ly/3prbBhl JioSaavn - https://www.jiosaavn.com/song/pinga/ICoKSEIGRFs Wynk Music...
"Sanam Aa Gaya Song | Payal Dev | Stebin Ben | Kunaal Vermaa | Rubina Dilaik, Abhinav | New Love Song",https://www.youtube.com/watch?v=_PJtbAXOF7o,https://www.youtube.com/watch?v=_PJtbAXOF7o,DRJ Records,https://www.youtube.com/@Drjrecords,3.3M views,2 days ago,https://streamlink.to/sanamaagaya Connect with DRJ Records - https://goo.gl/Fs6kK5 ‡§Ü‡§™ ‡§∏‡§¨ ‡§á‡§∏ ‡§ó‡§æ‡§®‡•á ‡§ï‡§æ Reels ‡§¨‡§®‡§æ‡§è - Make Your Reels :- https://tinyurl.com/4r53ka73...
RENOVATING A DIRTY OLD HOUSE | HOUSE FLIPPER 2,https://www.youtube.com/watch?v=hJf4OjQTQ70,https://www.youtube.com/watch?v=hJf4OjQTQ70,Techno Gamerz,https://www.youtube.com/channel/UCX8pnu3DYUnx8qy8V_c6oHg,2.7M views,1 day ago,"RENOVATING A DIRTY OLD HOUSE | HOUSE FLIPPER 2 #houseflipper #technogamerz Subscribe to our Second YouTube Channel: https://www.youtube.com/c/UjjwalGamer Share, Support, Subscribe!!! Subscribe:..."
"Affair With Office HR | PART 2 | FT. Purav Jha, Rashmeet Kaur | Hasley India Originals!",https://www.youtube.com/watch?v=GDCosME9BUI,https://www.youtube.com/watch?v=GDCosME9BUI,Hasley India,https://www.youtube.com/@HasleyIndiachannel,164K views,1 day ago,"A relationship works only if both the partners put equal efforts in it. Chahe wo ladka ho ya ladki, dono ko hi equal understanding ki zarurat hoti hai! But there are times when life throws..."
Bayko Mazi Foreigner | Vinayak Mali Comedy,https://www.youtube.com/watch?v=AXDecN1bAdM,https://www.youtube.com/watch?v=AXDecN1bAdM,Vinayak Mali,https://www.youtube.com/@vinayakmali100,2M views,7 days ago,Hey guys you can also buy the items shown in this video from Amazon link given below Philips Multi Grooming Kit MG7715/65 https://amzn.eu/d/5lh4vtn?ref=ytcardphil&tag=amznbrandytcardjunvidphil1-21...
‚ù§Ô∏è 21-06-2023 ‚ù§Ô∏è | The Day We Became Parents ü§≤,https://www.youtube.com/watch?v=yQg1Rkdpcoc,https://www.youtube.com/watch?v=yQg1Rkdpcoc,Shoaib Ibrahim Official,https://www.youtube.com/@ShoaibIbrahimOfficial,5.4M views,2 days ago,My instagram:- https://instagram.com/shoaib2087?igshid=ji3wjs56r2jc My twitter:- https://twitter.com/shoaib_ibrahim1?s=21 Music: Joy Musician: ASHUTOSH Site: https://soundcloud.com/grandakt/joy
"Rocky Aur Rani Kii Prem Kahaani - OFFICIAL TEASER | Dharmendra, Jaya, Shabana, Ranveer, Alia | Karan",https://www.youtube.com/watch?v=HZAyjBMTiaM,https://www.youtube.com/watch?v=HZAyjBMTiaM,Dharma Productions,https://www.youtube.com/@DharmaMovies,27M views,9 days ago,"Karan Johar, in his 25th anniversary year - invites you to a world which magnifies the power of love, embraces the complexities of relationships, and celebrates the beauty of both perfect and..."
Jethalal ‡§®‡•á ‡§ï‡•ç‡§Ø‡•ã‡§Ç ‡§´‡•á‡§Ç‡§ï‡§æ Iyer ‡§™‡§∞ ‡§™‡§æ‡§®‡•Ä? | Taarak Mehta Ka Ooltah Chashmah | Monsoon Special,https://www.youtube.com/watch?v=UipfAnCe2gw,https://www.youtube.com/watch?v=UipfAnCe2gw,Sony LIV,https://www.youtube.com/@SonyLIV,4.1M views,9 days ago,Click here to subscribe to Sony LIV Channel: https://www.youtube.com/user/sonyliv Champaklal screams looking at Jetha's condition. He asks him to go out and get it cleaned before he enters...
Lust Stories 2 | Official Trailer | Netflix India,https://www.youtube.com/watch?v=Z3Z7RocQUXI,https://www.youtube.com/watch?v=Z3Z7RocQUXI,Netflix India,https://www.youtube.com/@NetflixIndiaOfficial,24M views,8 days ago,"Get ready to have your Ã∂mÃ∂iÃ∂nÃ∂d Mount Fuji blownüåã because #LustStories2 is coming soon, only on Netflix! üòç #LustStories2OnNetflix Directed by: Amit Sharma, Konkona Sen Sharma, R...."
We are blessed with a Baby Boy | Alhamdulillah ü§≤,https://www.youtube.com/watch?v=qaQruOiw44I,https://www.youtube.com/watch?v=qaQruOiw44I,Shoaib Ibrahim Official,https://www.youtube.com/@ShoaibIbrahimOfficial,5.2M views,4 days ago,My instagram:- https://instagram.com/shoaib2087?igshid=ji3wjs56r2jc My twitter:- https://twitter.com/shoaib_ibrahim1?s=21
Sandeep Bhaiya | Official Trailer | Streaming from 30th June on YouTube | TVF,https://www.youtube.com/watch?v=_dsSzmFy8gA,https://www.youtube.com/watch?v=_dsSzmFy8gA,The Viral Fever,https://www.youtube.com/@TheViralFever,3.3M views,3 days ago,Zindagi mein ek hi mauka chahiye saare failures ko success mein badalne ka aur wahi ek mauke ki kahaani laaye hain Sandeep Bhaiya jinhone sapne ko satya mein badal ke rakh diya! Unacademy...
"Puneet Superstar, Bigg Boss Roast ft Fukra Insaan!",https://www.youtube.com/watch?v=DyB_YxOeNKA,https://www.youtube.com/watch?v=DyB_YxOeNKA,Thugesh,https://www.youtube.com/@Thugesh,5.8M views,4 days ago,"Hello in this video we talk about big boss ott 2 and contestants of bigg boss, we talk about puneet superstar and his elimination , we talk about fukra insaan and bebita fight and much more!..."
"Seetimaarr | New Released Hindi Dubbed Movie | Tottempudi Gopichand, Tamannaah Bhatia, Digangana",https://www.youtube.com/watch?v=WXP_fh0vSOM,https://www.youtube.com/watch?v=WXP_fh0vSOM,Pen Movies,https://www.youtube.com/@PenMovies,16M views,13 days ago,"Seetimaarr | New Released Hindi Dubbed Movie | Tottempudi Gopichand, Tamannaah Bhatia, Digangana #Seetimaarr #HindiDubbedMovie #TottempudiGopichand #TamannaahBhatia Enjoy Super Hit 4K Movies..."
‡§ú‡§æ‡§µ‡§à ‡§π‡§∞‡§µ‡§≤‡§æ ‡§™‡§Ç‡§¢‡§∞‡§™‡•Ç‡§∞ ‡§ö‡•ç‡§Ø‡§æ ‡§µ‡§æ‡§∞‡•Ä‡§§ üòÖ#‡§ï‡•â‡§Æ‡•á‡§°‡•Ä,https://www.youtube.com/watch?v=0pLLq7qJlOk,https://www.youtube.com/watch?v=0pLLq7qJlOk,Madhukar Kute,https://www.youtube.com/@Madhukar_Kute,154K views,2 days ago,
WELCOME BACK TO MY BEAUTIFUL WORLD | MINECRAFT GAMEPLAY #92,https://www.youtube.com/watch?v=CB73SkC5iwQ,https://www.youtube.com/watch?v=CB73SkC5iwQ,Techno Gamerz,https://www.youtube.com/channel/UCX8pnu3DYUnx8qy8V_c6oHg,9.7M views,11 days ago,"WELCOME BACK TO MY BEAUTIFUL WORLD | MINECRAFT GAMEPLAY #92 #minecraft #ujjwal #technogamerz Subscribe to our Second YouTube Channel: https://www.youtube.com/c/UjjwalGamer Share, Support,..."
When Desis Go To Europe - Expectations vs Reality,https://www.youtube.com/watch?v=OFjfmJNjvcM,https://www.youtube.com/watch?v=OFjfmJNjvcM,Slayy Point,https://www.youtube.com/@SlayyPointOfficial,5.3M views,10 days ago,Plan your next trip on KAYAK - https://bit.ly/42K1Jx3 A Europe friends trip that didn't go according to plan. We went to France & Spain like zindagi na milegi dobara with @Mythpat @TechnoGamerzOff...
Puneet Superstar & Fukra insaan Fight With TV Actors! (BIGG BOSS),https://www.youtube.com/watch?v=R_Qy9xzeKi8,https://www.youtube.com/watch?v=R_Qy9xzeKi8,Thugesh,https://www.youtube.com/@Thugesh,3.7M views,1 day ago,"This is a follow up video to the bigg boss ott roast video we made few days ago, we talk about puneet superstar returns, fukra insaan fights with pooja bhatt, bebita and other contestants and..."
Tere Bin 2nd Last Ep - [Eng Sub] - Digitally Presented by Nisa BB Cream - Yumna Zaidi - Wahaj Ali,https://www.youtube.com/watch?v=5L72m71en8k,https://www.youtube.com/watch?v=5L72m71en8k,HAR PAL GEO,https://www.youtube.com/@HarPalGeoOfficial,18M views,23 hours ago,Thanks for watching Har Pal Geo. Please click here https://bit.ly/3rCBCYN to Subscribe and hit the bell icon to enjoy Top Pakistani Dramas and satisfy all your entertainment needs. Do you know...
Subhedar Teaser | Mrinal Kulkarni | Chinmay Mandalekar | Ajay Purkar | Digpal Lanjekar | 25th Aug 23,https://www.youtube.com/watch?v=DT2MP0lIvik,https://www.youtube.com/watch?v=DT2MP0lIvik,Everest Marathi,https://www.youtube.com/@EverestMarathi,698K views,8 days ago,‡§Ü‡§à ‡§≠‡§µ‡§æ‡§®‡•Ä‡§ö‡•ç‡§Ø‡§æ ‡§ö‡§∞‡§£‡•Ä ‡§Ö‡§∞‡•ç‡§™‡§£ ‡§ï‡§∞‡§§ ‡§Ü‡§π‡•ã‡§§ ‡§∂‡•ç‡§∞‡•Ä ‡§∂‡§ø‡§µ‡§∞‡§æ‡§ú ‡§Ö‡§∑‡•ç‡§ü‡§ï‡§æ‡§§‡•Ä‡§≤ ‡§™‡§æ‡§ö‡§µ‡•á ‡§ö‡§ø‡§§‡•ç‡§∞‡§™‡•Å‡§∑‡•ç‡§™...
Living like a Mermaid üßú‚Äç‚ôÄÔ∏è for a day!,https://www.youtube.com/watch?v=2Y0QXjNMHlI,https://www.youtube.com/watch?v=2Y0QXjNMHlI,Pragati Verma,https://www.youtube.com/@PragatiVermaa,2.9M views,7 days ago,üßú‚Äç‚ôÄÔ∏è Living Like a Mermaid for a Day! üåä Dive into an enchanting underwater adventure as we take on the ultimate mermaid challenge. Join us on this magical journey as we transform...
"‡§Ü‡§∑‡§æ‡§¢‡•Ä ‡§è‡§ï‡§æ‡§¶‡§∂‡•Ä ‡§∏‡§æ‡§†‡•Ä ‡§ù‡§ü‡§™‡§ü ‡§â‡§™‡§µ‡§æ‡§∏‡§æ‡§ö‡•Ä ‡§•‡§æ‡§≥‡•Ä ‡•§ ‡§â‡§™‡§µ‡§æ‡§∏‡§æ‡§ö‡•á ‡§ó‡•Å‡§≤‡§æ‡§¨‡§ú‡§æ‡§Æ, ‡§ò‡§æ‡§µ‡§£‡•á , ‡§µ‡§°‡•á ‡§Ü‡§£‡§ø ‡§¨‡§∞‡§Ç‡§ö ‡§ï‡§æ‡§π‡•Ä | Vrat ki Thali",https://www.youtube.com/watch?v=8JcJ_sqcuGA,https://www.youtube.com/watch?v=8JcJ_sqcuGA,MadhurasRecipe Marathi,https://www.youtube.com/@MadhurasRecipeMarathi,486K views,3 days ago,‡§Æ‡§ß‡•Å‡§∞‡§æ‡§ú‡•ç ‡§∞‡•á‡§∏‡§ø‡§™‡•Ä‡§ö‡•á ‡§®‡§µ‡•Ä‡§® ‡§™‡•Å‡§∏‡•ç‡§§‡§ï ‡§ñ‡§∞‡•á‡§¶‡•Ä ‡§ï‡§∞‡§£‡•ç‡§Ø‡§æ‡§∏‡§æ‡§†‡•Ä ‡§ñ‡§æ‡§≤‡•Ä ‡§¶‡§ø‡§≤‡•á‡§≤‡•ç‡§Ø‡§æ ‡§≤‡§ø‡§Ç‡§ï ‡§µ‡§∞ ‡§ï‡•ç‡§≤‡§ø...
‡§¶‡§æ‡§¶‡§æ -‡§™‡•ã‡§§‡•á ‡§ï‡•Ä ‡§ú‡•ã‡§°‡§º‡•Ä ‡§®‡•á ‡§ï‡•Ä Jetha ‡§ï‡•Ä ‡§ü‡§æ‡§Ç‡§ó ‡§ñ‡§ø‡§Ç‡§ö‡§æ‡§à | Taarak Mehta Ka Ooltah Chashmah | Comedy Express,https://www.youtube.com/watch?v=19-vx1edVFw,https://www.youtube.com/watch?v=19-vx1edVFw,LIV Comedy,https://www.youtube.com/@LIVComedy,2.6M views,4 days ago,"Click here to Subscribe to LIV Comedy: https://www.youtube.com/channel/UCBIT1FSJW6yTlzqK-31FDWg?sub_confirmation=1 Everyone is excited about renovation. Babita's brother is an architect,..."
SOLO MIRAMAR DOMINATION | TOURNAMENT GAMEPLAY | BGMI,https://www.youtube.com/watch?v=Uem4SYi9vgQ,https://www.youtube.com/watch?v=Uem4SYi9vgQ,JONATHAN GAMING,https://www.youtube.com/@JONATHANGAMINGYT,1M views,3 days ago,"If you liked the Video don‚Äôt forget to Like, Share and Subscribe. Hey Guys, Welcome to my Youtube Channel, I'm Jonathan Amaral, you might know me as Jonathan Gaming. I started my professional..."
LEO - Naa Ready Lyric Video | Thalapathy Vijay | Lokesh Kanagaraj | Anirudh Ravichander,https://www.youtube.com/watch?v=szvt1vD0Uug,https://www.youtube.com/watch?v=szvt1vD0Uug,Sony Music South,https://www.youtube.com/@SonyMusicSouth,37M views,7 days ago,In the smashing vocals of #ThalapathyVijay here comes the most -awaited #Leo first single #NaaReady composed by Rockstar Anirudh ! Directed by Lokesh Kanagaraj this one is sure to top charts...
"Pawan Singh, Shilpi Raj ‚Äì ‡§§‡•Ç‡§Ç ‡§π‡§Æ‡§æ‡§∞ ‡§¶‡•á‡§ñ‡§Ω | Tu Hamaar Dekha | Official Video",https://www.youtube.com/watch?v=KvcfSmTT098,https://www.youtube.com/watch?v=KvcfSmTT098,VYRL Bhojpuri,https://www.youtube.com/@VYRLBhojpuri,10M views,7 days ago,‡§™‡§æ‡§µ‡§∞ ‡§∏‡•ç‡§ü‡§æ‡§∞ ‡§™‡§µ‡§® ‡§∏‡§ø‡§Ç‡§π ‡§î‡§∞ ‡§∂‡§ø‡§≤‡•ç‡§™‡•Ä ‡§∞‡§æ‡§ú ‡§ï‡§æ ‡§®‡§Ø‡§æ ‡§ó‡§æ‡§®‡§æ - ‡§§‡•Ç‡§Ç ‡§π‡§Æ‡§æ‡§∞ ‡§¶‡•á‡§ñ‡§Ω‡•§ ‡§µ‡•Ä‡§°‡§ø‡§Ø‡•ã ‡§ï‡•á ‡§Ü‡§™‡§®...
Jethalal ‡§∏‡•á ‡§ï‡•à‡§∏‡•á ‡§ü‡•Ç‡§ü ‡§ó‡§Ø‡§æ Dining Table? | Taarak Mehta Ka Ooltah Chashmah | Comedy Express,https://www.youtube.com/watch?v=E7GVAVB__CU,https://www.youtube.com/watch?v=E7GVAVB__CU,LIV Comedy,https://www.youtube.com/@LIVComedy,3.1M views,6 days ago,"Click here to Subscribe to LIV Comedy: https://www.youtube.com/channel/UCBIT1FSJW6yTlzqK-31FDWg?sub_confirmation=1 Jethalal, Taarak, Bhide, Sodhi and others try to lift Doctor Haathi from..."
Horrid Indian Friends | EP - 02,https://www.youtube.com/watch?v=kJFZ5PxD1_w,https://www.youtube.com/watch?v=kJFZ5PxD1_w,HardToonz,https://www.youtube.com/@Hardtoonz22,1.2M views,1 day ago,"Download World of Warships now!! : https://wo.ws/3Njs8fj For Console, download here: https://wo.ws/43WtMKK Use Code ""PCBATTLE"" to get American Ship Charleston, Japanese Ship Mikasa, Soviet..."
ROUND 2 HELL ROAST ON THE THUGESH SHOW | S01E06 | @Round2hell,https://www.youtube.com/watch?v=RgD8sDUKn-g,https://www.youtube.com/watch?v=RgD8sDUKn-g,Thugesh,https://www.youtube.com/@Thugesh,10M views,2 weeks ago,Get Your Layers skin here! https://www.layers.shop/?utm_source=Thugesh&utm_medium=referral&utm_campaign=Thugesh_round2hell Welcome to episode 6 of the thugesh thugesh today we bring to you...
India 4-0 Pakistan | Full Highlights | SAFF Championship 2023,https://www.youtube.com/watch?v=fbO_0AbkUOg,https://www.youtube.com/watch?v=fbO_0AbkUOg,Indian Football,https://www.youtube.com/@IndianFootball,5M views,7 days ago,Perfect start to #SAFFChampionship2023 for the #BlueTigers üêØ Watch the Full Highlights her #INDPAK #IndianFootball ‚öΩÔ∏è Find us on - Website: https://www.the-aiff.com Instagram: https://ww...
What is NATO | NATO+ | CENTO |SEATO | WARSAW PACT | BAGHDAD PACT | UPSC New Batch Launched,https://www.youtube.com/watch?v=bgXllc6gaTI,https://www.youtube.com/watch?v=bgXllc6gaTI,Khan GS Research Centre,https://www.youtube.com/@khangsresearchcentre1685,1.3M views,22 hours ago,Khan Sir Official App Link Here :- https://play.google.com/store/apps/details?id=xyz.penpencil.khansirofficial&hl=en_IN Website Link :- https://khanglobalstudies.com/ twitter Link :- https://twi...
TRAVEL INSURANCE! ft. Pantar Log convos! @KirtiChow @RIYAGOGOI @Swasti1,https://www.youtube.com/watch?v=U_CEHOf3Wv8,https://www.youtube.com/watch?v=U_CEHOf3Wv8,R.G Bucket List,https://www.youtube.com/@RGBucketList,4.2M views,11 days ago,Join my Discord for a fun upcoming event : https://discord.gg/rgbucketlist ---------------------------------------------------------------------------------- These are the things that I use...
‡§™‡•ç‡§∞‡§ï‡§æ‡§∂ ‡§Ü‡§Ç‡§¨‡•á‡§°‡§ï‡§∞ ‡§§‡•Å‡§Æ‡•ç‡§π‡§æ‡§∞‡§æ ‡§¨‡§æ‡§™ ‡§π‡•à ‡§ï‡•ç‡§Ø‡§æ ? ‡§á‡§Æ‡•ç‡§§‡§ø‡§Ø‡§æ‡§ú‡§º ‡§ú‡§≤‡•Ä‡§≤ ‡§®‡•á ‡§ê‡§∏‡§æ ‡§ï‡•ç‡§Ø‡•ã‡§Ç ‡§ï‡§π‡§æ ?,https://www.youtube.com/watch?v=LQgFOHfWo7w,https://www.youtube.com/watch?v=LQgFOHfWo7w,Loknyay Hind,https://www.youtube.com/@LoknyayHind,313K views,3 days ago,Is Prakash Ambedkar your father ? MP Imtiaz Jaleel. Please Subscribe For more Video: https://www.youtube.com/channel/UCv6Sy9ECltF-lMOn_v8vJNw Facebook: https://www.facebook.com/loknyay.hind...
‡§™‡•ç‡§∞‡§•‡§Æ‡•á‡§∂‡§ö‡§Ç ‡§ï‡•á‡§≥‡§µ‡§£ ‡§Ü‡§£‡§ø ‡§ñ‡§æ‡§∏ ‡§â‡§ñ‡§æ‡§£‡§æ | Prathamesh Laghate's Kelvan & Special Ukhana | Mugdha Vaishampayan,https://www.youtube.com/watch?v=fKuyOQh_pUk,https://www.youtube.com/watch?v=fKuyOQh_pUk,Rajshri Marathi,https://www.youtube.com/@rajshrimarathi,195K views,1 day ago,‡§ó‡§æ‡§Ø‡§ï ‡§™‡•ç‡§∞‡§•‡§Æ‡•á‡§∂ ‡§≤‡§ò‡§æ‡§ü‡•á ‡§Ü‡§£‡§ø ‡§Æ‡•Å‡§ó‡•ç‡§ß‡§æ ‡§µ‡•à‡§∂‡§Ç‡§™‡§æ‡§Ø‡§® ‡§Ø‡§æ‡§Ç‡§ö‡•Ä ‡§≤‡§ó‡•Ä‡§®‡§ò‡§æ‡§à ‡§∏‡•Å‡§∞‡•Å ‡§ù‡§æ‡§≤‡•Ä ‡§Ü‡§π‡•á. ‡§™‡§æ‡§π‡•Ç‡§Ø...
#1 Wedding vlog - Game night!,https://www.youtube.com/watch?v=s0hkPXyad98,https://www.youtube.com/watch?v=s0hkPXyad98,K18,https://www.youtube.com/@ketan_k18,964K views,3 days ago,#K18 #VLOGS #wedding üî¥K18 2nd channel : https://youtube.com/c/K18PLUS K18 discord link : https://discord.gg/YRDeNcj ---------------------------------------------------------------------------...
King of Kotha Official Teaser | Dulquer Salmaan | Abhilash Joshiy | Jakes Bejoy,https://www.youtube.com/watch?v=7tHHa20U1UI,https://www.youtube.com/watch?v=7tHHa20U1UI,Sony Music South,https://www.youtube.com/@SonyMusicSouth,8.5M views,1 day ago,"Cast: Dulquer Salmaan, Aishwarya Lekshmi, Dancing Rose Shabeer, Prasanna, Nyla Usha, Chemban Vinod, Gokul Suresh, Shammi Thilakn, Shanthi Krishna, Vada Chennai Saran, and Anikha Surendran ..."
"Tiku Weds Sheru - Official Trailer | Nawazuddin Siddiqui, Avneet Kaur | Prime Video India",https://www.youtube.com/watch?v=0mvglHtAGC8,https://www.youtube.com/watch?v=0mvglHtAGC8,Prime Video India,https://www.youtube.com/@PrimeVideoIN,20M views,2 weeks ago,"Prime Video Presents Tiku Weds Sheru Official Trailer Directed by Sai Kabir Starring Nawazuddin Siddiqui and Avneet Kaur Produced by Kangana Ranaut Official Release Date June 23, 2023 on Prime..."
Surviving 99 YEARS As SKIBIDI TOILET in GTA 5,https://www.youtube.com/watch?v=4-UUCtOCYzI,https://www.youtube.com/watch?v=4-UUCtOCYzI,TheLoudDude,https://www.youtube.com/@TheLoudDude,726K views,1 day ago,"Simply Gamer - https://www.youtube.com/@simplygamer_on Surviving 99 YEARS As SKIBIDI TOILET in GTA 5 Don't forget to leave a Like, Comment and Favorite, helps out a lot!! FOLLOW, LIKE AND..."
#3 Wedding vlog - Permanent Collaboration!,https://www.youtube.com/watch?v=77Y4kzNOVt0,https://www.youtube.com/watch?v=77Y4kzNOVt0,K18,https://www.youtube.com/@ketan_k18,945K views,1 day ago,#K18 #VLOGS #wedding üî¥K18 2nd channel : https://youtube.com/c/K18PLUS K18 discord link : https://discord.gg/YRDeNcj ---------------------------------------------------------------------------...
Emergency Release Date Announcement | Kangana R | Manikarnika Films | In Cinemas 24th November 2023,https://www.youtube.com/watch?v=MzxGN2xAa-4,https://www.youtube.com/watch?v=MzxGN2xAa-4,Manikarnika Films,https://www.youtube.com/@manikarnikafilms1716,3.8M views,5 days ago,A protector or a Dictator? Witness the darkest phase of our history when the leader of our nation declared a war on it‚Äôs people. #Emergency releasing worldwide on 24th November #KanganaRanaut...
Tere Bin Last Episode Teaser - 28th June 2023 - HAR PAL GEO,https://www.youtube.com/watch?v=jRVe8lB1i1M,https://www.youtube.com/watch?v=jRVe8lB1i1M,HAR PAL GEO,https://www.youtube.com/@HarPalGeoOfficial,12M views,22 hours ago,Thanks for watching Har Pal Geo. Please click here https://bit.ly/3rCBCYN to Subscribe and hit the bell icon to enjoy Top Pakistani Dramas and satisfy all your entertainment needs. Do you know...
"Doctor - 2023 New Released South Hindi Dubbed Movie| Sivakarthikeyan, Vinay Rai, Priyanka Arul Mohan",https://www.youtube.com/watch?v=I4ExGtdRgX8,https://www.youtube.com/watch?v=I4ExGtdRgX8,Goldmines,https://www.youtube.com/@GoldminesTelefilms,21M views,2 weeks ago,"When a military doctor tracks down his former fiancee's kidnapped niece, he discovers a complex human trafficking ring in Goa. He then weaves an intricate trap to capture the perpetrators...."
Pee Le Pee Le O More Raja | Raaj Kumar | Nana Patekar | Tirangaa (1993),https://www.youtube.com/watch?v=r1xESw1tLAc,https://www.youtube.com/watch?v=r1xESw1tLAc,90s Hindi Songs,https://www.youtube.com/@90shindi_songs,768K views,7 days ago,"Pee Le Pee Le O More Raja is a popular friendship song sung by Mohammed Aziz, Sudesh Bhosle and composed by Laxmikant Pyarelal. This song is from the film Tirangaa (1993) starring Raaj Kumar..."
Finally Granny Chapter 1 Mein Escape Karliyaüò≠üò≠,https://www.youtube.com/watch?v=W_KyUiaYKnI,https://www.youtube.com/watch?v=W_KyUiaYKnI,Live Insaan,https://www.youtube.com/@liveinsaan,2.3M views,3 days ago,Granny 1 completed. Mission Successful. Become a Channel Member ‚ñ∫ https://www.youtube.com/channel/UCFwKgzKe-EdTz83r6wzhmOw/join Instagram ‚ñ∫ https://www.instagram.com/triggeredinsaan ...
Gadar 2 Teaser | In Cinemas 11th August | Sunny Deol | Ameesha Patel | Anil Sharma | Zee Studios,https://www.youtube.com/watch?v=7kcjLAqdTy4,https://www.youtube.com/watch?v=7kcjLAqdTy4,Zee Studios,https://www.youtube.com/@ZeeStudiosOfficial,27M views,2 weeks ago,Tara Singh is back! üî®üî• #Gadar2Teaser is officially out now! In Cinemas on 11th August. #Gadar2 #SunnyDeol #AmeeshaPatel #AnilSharma #ZeeStudios Zee Studios Presents Directed by -...
"Udd Jaa Kaale Kaava - Teaser | Gadar 2 | Sunny Deol, Ameesha Patel | Mithoon,Udit N,Alka Y | Uttam S",https://www.youtube.com/watch?v=8HvuZJBWtbk,https://www.youtube.com/watch?v=8HvuZJBWtbk,Zee Music Company,https://www.youtube.com/@zeemusiccompany,2.1M views,1 day ago,üëâüèª SUBSCRIBE to Zee Music Company - https://bit.ly/2yPcBkS Song: Udd Jaa Kaale Kaava Singer: Udit Narayan & Alka Yagnik Song Recreated and Rearranged by: Mithoon Original Composition:...
NALLI BIRYANI | Mutton Biryani Recipe Cooking in Village | Mutton Bone Marrow | Lamb Shanks Recipe,https://www.youtube.com/watch?v=m6X6XMROdBQ,https://www.youtube.com/watch?v=m6X6XMROdBQ,Village Cooking Channel,https://www.youtube.com/@VillageCookingChannel,9.4M views,5 days ago,"Today in our village, We cook the Nalli biryani recipe using fresh lamb shanks. We use Seeraga samba rice to make this traditional biryani recipe. The special of this mutton recipe is while..."
"Pinga | Baipan Bhari Deva | Suchitra, Shilpa, Sukanya, Deepa, Vandana | Manasee Hedaoo | Sai-Piyush",https://www.youtube.com/watch?v=G9jigWeQmAo,https://www.youtube.com/watch?v=G9jigWeQmAo,Zee Music Marathi,https://www.youtube.com/@zeemusicmarathi,333K views,3 days ago,SUBSCRIBE to Zee Music Marathi - https://bit.ly/2K8Hu9p To stream & download Full Song - Gaana - https://bit.ly/3prbBhl JioSaavn - https://www.jiosaavn.com/song/pinga/ICoKSEIGRFs Wynk Music...
"Bholaa Shankar Teaser | MegaStar Chiranjeevi, Keerthy Suresh Tamannaah | Meher Ramesh | Anil Sunkara",https://www.youtube.com/watch?v=V9wgzIn-VNE,https://www.youtube.com/watch?v=V9wgzIn-VNE,AK Entertainments,https://www.youtube.com/@AKentsOfficial,16M views,5 days ago,"Watch Bholaa Shankar Teaser #BholaaShankar Starring Chiranjeevi, Tamannaah, Keerthy Suresh, Sushanth, Raghu Babu, Murali Sharma, Ravi Shankar, Vennela Kishore, Tulasi, Sri Mukhi, Bithiri Sathi,..."
How To Link Pan Card To Aadhar Card 2023 - Pan aadhar link kaise kare - Pan aadhaar link online-2023,https://www.youtube.com/watch?v=dCmorQc8zLU,https://www.youtube.com/watch?v=dCmorQc8zLU,Sarkari DNA,https://www.youtube.com/@SarkariDNA,348K views,4 days ago,"How To Link Pan Card To Aadhar Card 2023 - Pan aadhar link kaise kare - Pan aadhaar link online-2023 This video is about Pan aadhar link 2023 mein PAN card ko Aadhaar card se kaise jodein,..."
MY KERALA STORY | SUNDEEP SHARMA | STAND-UP COMEDY,https://www.youtube.com/watch?v=hMPjBlPM_kQ,https://www.youtube.com/watch?v=hMPjBlPM_kQ,Sundeep Sharma,https://www.youtube.com/@SundeepSharmaComedian,910K views,6 days ago,1 July Jaipur WTF 7 pm 2 July Studio XO Gurgaon 5:30 pm 2 July Meejaz Vasant Kunj Delhi 8:30 pm 15 July Tiger Tiger Brewhouse Sarjapur Bengaluru 8 pm 16 July Hyatt Centric Bengaluru 8 pm 23...
Update vlog üíô ü§≤üèΩ| 18th june se 21st june tak | Alhamdulillah,https://www.youtube.com/watch?v=Prdptmn1p-4,https://www.youtube.com/watch?v=Prdptmn1p-4,Saba Ibrahim,https://www.youtube.com/@sabaKajahaan,2.5M views,2 days ago,#Partnership Check out Mamaearth's Amazing Soft Matte Lipstick MamaEarth: https://bit.ly/3o7qpRK Use my code Saba2023 to get a 20% off You can also buy them from- Amazon: https://amzn.to/3Oa8...
