video_title,video_url,channel_name,channel_url,views,uploaded,description
"Udd Jaa Kaale Kaava | Gadar 2 | Sunny Deol, Ameesha | Mithoon, Udit N, Alka Y | Uttam S,Anand Bakshi",https://www.youtube.com/watch?v=7VppHj0Rue0,Zee Music Company,https://www.youtube.com/@zeemusiccompany,21M views,1 day ago,üëâüèª SUBSCRIBE to Zee Music Company - https://bit.ly/2yPcBkS To Stream & Download Full Song: JioSaavn - https://bit.ly/3NTdexz Resso - https://bit.ly/3JySKrl Gaana - https://bit.ly/3XCTfqj...
Sandeep Bhaiya | New Web Series | EP 01 | Mulyankan,https://www.youtube.com/watch?v=gYu2dEju6bI,The Viral Fever,https://www.youtube.com/@TheViralFever,2.5M views,11 hours ago,"Jab sapno ke last attempt mein failure milta hai tab koi Plan B kaam nahi aata, dekhiye ek aise student ki kahani jisne haar naa maan kar ALC tak ka safar tay kiya. Rate us on IMDb: https://www.i..."
Mystery of Titan Submarine | What Actually Happened? | Dhruv Rathee,https://www.youtube.com/watch?v=FoepniNiaW8,Dhruv Rathee,https://www.youtube.com/@dhruvrathee,3.6M views,1 day ago,‚úèÔ∏è JOIN MY COURSE: Learn how to manage time and maximize productivity in my specialised online course. Join here: https://academy.dhruvrathee.com Use TIME40 for a straight up 40% discount!...
Tum Kya Mile - Rocky Aur Rani Kii Prem Kahaani | Ranveer | Alia | Pritam | Amitabh | Arijit | Shreya,https://www.youtube.com/watch?v=taRBVfDRukY,Saregama Music,https://www.youtube.com/@SaregamaMusic,35M views,2 days ago,"This season, we invite you to fall in love with Tum Kya Mile from Rocky Aur Rani Kii Prem Kahaani. Song Credits: Singer: Arijit Singh & Shreya Ghoshal Composer: Pritam Lyrics: Amitabh Bhattacharya..."
72 HOORAIN Official Trailer,https://www.youtube.com/watch?v=5gH3NG2VIug,Bollywood Hungama,https://www.youtube.com/@BollywoodHungama,3M views,2 days ago,"""72 Hoorain"" is a tale, where conviction merges with chaos, where belief dances with brutality, and where the unimaginable becomes a haunting reality. Prepare to be swept away by ""72 Hoorain,""..."
Puneet Superstar & Fukra insaan Fight With TV Actors! (BIGG BOSS),https://www.youtube.com/watch?v=R_Qy9xzeKi8,Thugesh,https://www.youtube.com/@Thugesh,4.6M views,2 days ago,"This is a follow up video to the bigg boss ott roast video we made few days ago, we talk about puneet superstar returns, fukra insaan fights with pooja bhatt, bebita and other contestants and..."
Tere Bin 2nd Last Ep - [Eng Sub] - Digitally Presented by Nisa BB Cream - Yumna Zaidi - Wahaj Ali,https://www.youtube.com/watch?v=5L72m71en8k,HAR PAL GEO,https://www.youtube.com/@HarPalGeoOfficial,27M views,2 days ago,Thanks for watching Har Pal Geo. Please click here https://bit.ly/3rCBCYN to Subscribe and hit the bell icon to enjoy Top Pakistani Dramas and satisfy all your entertainment needs. Do you know...
‚ù§Ô∏è 21-06-2023 ‚ù§Ô∏è | The Day We Became Parents ü§≤,https://www.youtube.com/watch?v=yQg1Rkdpcoc,Shoaib Ibrahim Official,https://www.youtube.com/@ShoaibIbrahimOfficial,6.1M views,3 days ago,My instagram:- https://instagram.com/shoaib2087?igshid=ji3wjs56r2jc My twitter:- https://twitter.com/shoaib_ibrahim1?s=21 Music: Joy Musician: ASHUTOSH Site: https://soundcloud.com/grandakt/joy
I GOT SURPRISED WITH 100 CHOCOLATES üòç,https://www.youtube.com/watch?v=s4cbEAcWFt4,urmila,https://www.youtube.com/@urmilaaa,290K views,1 day ago,Thank you so much everyone for 1M subscribers! Hope you enjoy this vlog in which we celebrate 1 Million Special. @Mythpat suprises me with a new fridge and I surprise my family with a NEW TV...
What is NATO | NATO+ | CENTO |SEATO | WARSAW PACT | BAGHDAD PACT | UPSC New Batch Launched,https://www.youtube.com/watch?v=bgXllc6gaTI,Khan GS Research Centre,https://www.youtube.com/@khangsresearchcentre1685,2.1M views,2 days ago,Khan Sir Official App Link Here :- https://play.google.com/store/apps/details?id=xyz.penpencil.khansirofficial&hl=en_IN Website Link :- https://khanglobalstudies.com/ twitter Link :- https://twi...
Marathi Manus and Pavsala | #BhaDiPa,https://www.youtube.com/watch?v=PNJo0YQfd5U,Bharatiya Digital Party,https://www.youtube.com/@BhaDiPa,142K views,1 day ago,#Monsoon #MonsoonSpecial #marathimanus Marathi Manus is back! But so has the monsoon. This season is fun until it comes to your daily life hassle. How would marathi manus deal with rains?...
NEW THAR KA ACCIDENT HOGAYA üò≠üò∞,https://www.youtube.com/watch?v=No-wWJbSYOs,Anshu Bisht Vlogs,https://www.youtube.com/@AnshuBishtVlogs,472K views,15 hours ago,Thank you so much for watching. ‚ù§Ô∏è Follow Me On Instagram: https://www.instagram.com/gamerfleetog/
Horrid Indian Friends | EP - 02,https://www.youtube.com/watch?v=kJFZ5PxD1_w,HardToonz,https://www.youtube.com/@Hardtoonz22,1.6M views,2 days ago,"Download World of Warships now!! : https://wo.ws/3Njs8fj For Console, download here: https://wo.ws/43WtMKK Use Code ""PCBATTLE"" to get American Ship Charleston, Japanese Ship Mikasa, Soviet..."
King of Kotha Official Teaser | Dulquer Salmaan | Abhilash Joshiy | Jakes Bejoy,https://www.youtube.com/watch?v=7tHHa20U1UI,Sony Music South,https://www.youtube.com/@SonyMusicSouth,10M views,2 days ago,"Cast: Dulquer Salmaan, Aishwarya Lekshmi, Dancing Rose Shabeer, Prasanna, Nyla Usha, Chemban Vinod, Gokul Suresh, Shammi Thilakn, Shanthi Krishna, Vada Chennai Saran, and Anikha Surendran ..."
‡§ú‡§æ‡§µ‡§à ‡§π‡§∞‡§µ‡§≤‡§æ ‡§™‡§Ç‡§¢‡§∞‡§™‡•Ç‡§∞ ‡§ö‡•ç‡§Ø‡§æ ‡§µ‡§æ‡§∞‡•Ä‡§§ üòÖ#‡§ï‡•â‡§Æ‡•á‡§°‡•Ä,https://www.youtube.com/watch?v=0pLLq7qJlOk,Madhukar Kute,https://www.youtube.com/@Madhukar_Kute,206K views,3 days ago,
Tere Bin Last Episode Teaser - 28th June 2023 - HAR PAL GEO,https://www.youtube.com/watch?v=jRVe8lB1i1M,HAR PAL GEO,https://www.youtube.com/@HarPalGeoOfficial,16M views,2 days ago,Thanks for watching Har Pal Geo. Please click here https://bit.ly/3rCBCYN to Subscribe and hit the bell icon to enjoy Top Pakistani Dramas and satisfy all your entertainment needs. Do you know...
"College Romance S4 | Official Trailer | Gagan, Apoorva, Shreya, Keshav | The Timeliners",https://www.youtube.com/watch?v=A3dptCIeZiQ,The Timeliners,https://www.youtube.com/@TheTimeliners,427K views,1 day ago,"The final year is here! Are you ready to meet our gang for #OneLastTime? ü´Ç‚ù§Ô∏è College Romance - Final Season, streaming from 14th July on Sony LIV. #CollegeRomanceS4 #CollegeRomanceOnSonyL..."
Ye Kya Gift Bhej Diya üòÇ Ghar Aate hi,https://www.youtube.com/watch?v=JYO_LbqblDY,Sourav Joshi Vlogs,https://www.youtube.com/@souravjoshivlogs7028,3.1M views,15 hours ago,Follow me on Instagram- https://www.instagram.com/souravjoshivlogs/?hl=en I hope you enjoyed this video hit likes. And do subscribe to my channel Thank you so much for watching god bless...
Gum Hai Kisi Ke Pyar Mein leap; Savi ‡§®‡§π‡•Ä‡§Ç ‡§ï‡§∞‡•á‡§ó‡•Ä ‡§∂‡§æ‡§¶‡•Ä; Bhavani ‡§ö‡§¢‡§º‡§æ‡§è‡§ó‡•Ä ‡§¨‡§ø‡§ó‡§°‡§º‡•à‡§≤ Vinu ‡§ï‡•ã ? | FilmiBeat,https://www.youtube.com/watch?v=vQCvXg0rSWE,FilmiBeat,https://www.youtube.com/@filmibeat,157K views,14 hours ago,"Gum Hai Kisi Ke Pyar Mein leap Update, Savi will break Bhavani's pride. Savi will not marry and she will fulfill his dream. Bhavani will support to spoiled Vinu. Bhavani still hates Sai, Bhavani..."
#Video || ‡§∂‡§®‡§ø‡§ö‡§∞ ‡§ï‡•á ‡§´‡§∞‡•ç‡§®‡•Ä‡§ö‡§∞ || #Khesari Lal Yadav || Shanichar Ke Furniture || Bhojpuri Song 2023,https://www.youtube.com/watch?v=SeXXfyYw8xo,Wave Music,https://www.youtube.com/@WaveMusicIndia,1.1M views,17 hours ago,Subscribe ‡§ï‡§∞‡•á‡§Ç :- http://goo.gl/ip2lbk #top #bhojpurisong #viral ‡§Ü‡§™ ‡§∏‡§¨ ‡§á‡§∏ ‡§ó‡§æ‡§®‡•á ‡§ï‡§æ Reels ‡§¨‡§®‡§æ‡§è - Make Your Reels :- https://www.instagram.com/reels/audio/284...
BRO Teaser | Pawan Kalyan | Sai Tej | Trivikram | Samuthirakani | ThamanS | People Media Factory,https://www.youtube.com/watch?v=YpRinf33fBE,Zee Studios,https://www.youtube.com/@ZeeStudiosOfficial,27M views,1 day ago,Presenting you all the teaser of BRO ft. Pawan Kalyan & Sai Tej in lead roles. Screenplay & Dialogues by Trivikram. Written & Directed by Samuthirakani. Music by Thaman S. Editing by Navin...
Train Your Brain Ft. Dr. Sid Warrier | Sandeep Maheshwari | Hindi,https://www.youtube.com/watch?v=aaWr-N34Z2Q,Sandeep Maheshwari,https://www.youtube.com/@SandeepSeminars,723K views,1 day ago,"YouTube Channel: https://www.youtube.com/@Sidwarrier Sandeep Maheshwari is a name among millions who struggled, failed and surged ahead in search of success, happiness and contentment. Just..."
Surviving 99 YEARS As SKIBIDI TOILET in GTA 5,https://www.youtube.com/watch?v=4-UUCtOCYzI,TheLoudDude,https://www.youtube.com/@TheLoudDude,866K views,2 days ago,"Simply Gamer - https://www.youtube.com/@simplygamer_on Surviving 99 YEARS As SKIBIDI TOILET in GTA 5 Don't forget to leave a Like, Comment and Favorite, helps out a lot!! FOLLOW, LIKE AND..."
Mumbai ‡§Æ‡•á‡§Ç ‡§∏‡•ã‡§∏‡§æ‡§á‡§ü‡•Ä ‡§Æ‡•á‡§Ç ‡§¨‡§ï‡§∞‡§æ ‡§≤‡§æ‡§®‡•á ‡§µ‡§æ‡§≤‡•á ‡§∏‡•á ‡§∏‡•Å‡§®‡§ø‡§Ø‡§æ ‡§ï‡§ø‡§∏ ‡§¨‡§æ‡§§ ‡§™‡§∞ ‡§π‡•Å‡§Ü ‡§•‡§æ ‡§¨‡§µ‡§æ‡§≤? Eid al Adha,https://www.youtube.com/watch?v=WlnL4GQNb5E,Punjab Kesari TV,https://www.youtube.com/@punjabkesaritv,53K views,2 days ago,"#EidalAdha #Bakrid #Mumbai #LatestNews #punjabkesaritv Subscribe to our YouTube channel: https://bit.ly/PunjabKesariTV Also, Watch ‚ñ∫ Latest News & Updates ‚ñ∫ https://bit.ly/PunjabKesariTVLat..."
Sandeep Bhaiya | Official Trailer | Streaming now on YouTube | TVF,https://www.youtube.com/watch?v=_dsSzmFy8gA,The Viral Fever,https://www.youtube.com/@TheViralFever,3.5M views,4 days ago,Zindagi mein ek hi mauka chahiye saare failures ko success mein badalne ka aur wahi ek mauke ki kahaani laaye hain Sandeep Bhaiya jinhone sapne ko satya mein badal ke rakh diya! Watch the...
Adhura - Official Trailer | Prime Video India,https://www.youtube.com/watch?v=rIPnNOeQrs4,Prime Video India,https://www.youtube.com/@PrimeVideoIN,1.6M views,2 days ago,"Prime Video Presents Adhura Official Trailer Directed by Gauravv K Chawla, Ananya Banerjee Starring: Rasika Dugal, Ishwak Singh, Shrenik Arora, Poojan Chabra, Rahul Dev, Zoa Morani, Rijul..."
Chandrashekhar Azad : ‡§ö‡§Ç‡§¶‡•ç‡§∞‡§∂‡•á‡§ñ‡§∞ ‡§Ü‡§ú‡§æ‡§¶ ‡§™‡§∞ ‡§π‡§Æ‡§≤‡§æ ‡§ï‡•ç‡§Ø‡§æ ‡§π‡•Å‡§Ü ‡§≠‡§°‡§º‡§ï ‡§ó‡§è ‡§ì‡§µ‡•à‡§∏‡•Ä..‡§ï‡§π‡•Ä ‡§ê‡§∏‡•Ä ‡§¨‡§æ‡§§ ‡§ï‡§ø..,https://www.youtube.com/watch?v=Rw6_tGRsja0,UP Tak,https://www.youtube.com/@UPTakofficial,739K views,2 days ago,‡§≠‡•Ä‡§Æ ‡§Ü‡§∞‡•ç‡§Æ‡•Ä ‡§®‡•á‡§§‡§æ ‡§î‡§∞ ‡§Ü‡§ú‡§º‡§æ‡§¶ ‡§∏‡§Æ‡§æ‡§ú ‡§™‡§æ‡§∞‡•ç‡§ü‡•Ä ‚Äì ‡§ï‡§æ‡§Ç‡§∂‡•Ä‡§∞‡§æ‡§Æ ‡§™‡•ç‡§∞‡§Æ‡•Å‡§ñ ‡§ö‡§Ç‡§¶‡•ç‡§∞ ‡§∂‡•á‡§ñ‡§∞ ‡§Ü‡§ú‡§æ‡§¶ ‡§™‡§∞...
Ghum Hai Kisikey Pyaar Meiin | Kya Aap Inn Se Rubaroo Huye?,https://www.youtube.com/watch?v=UTH4eAtwh9c,StarPlus,https://www.youtube.com/@starplus,980K views,1 day ago,"Savi, Ishaan aur Reeva ka naya safar shuru hua hai. Kya aap inn se rubaroo huye? Dekhiye #GhumHaiKisikeyPyaarMeiin, Somvaar se Ravivaar, raat 8 baje, StarPlus aur kabhi bhi Disney+ Hotstar par."
Purvi ‡§î‡§∞ Pankaj ‡§ï‡•ã ‡§Æ‡§ø‡§≤‡§æ ‡§è‡§ï Undercover Mission | Drama | CID | 28 June 2023 | Full Episode,https://www.youtube.com/watch?v=KSmk70WGIJA,LIV Crime,https://www.youtube.com/@LIVCrime,1.4M views,2 days ago,Click here to Subscribe to LIV Crime: https://www.youtube.com/channel/UCzXpAx4v6rFLYXkJZ5nmSvQ?sub_confirmation=1 A man who travels on a steam boat gets very disturbed seeing a girl having...
Tere Bin Last Episode Promo | Thursday at 8:00 PM On Har Pal Geo,https://www.youtube.com/watch?v=kGqbtHjiW5c,HAR PAL GEO,https://www.youtube.com/@HarPalGeoOfficial,5.6M views,1 day ago,"Meerab returns in Murtasim's life! Watch the Last Episode of #TereBin on 6th July, Thursday at 8 PM on Geo Entertainment. #7thSkyEntertainment #GeoEntertainment #AbdullahKadwani #AsadQureshi..."
BREAKING MY OWN RECORD üòàSOLO VS SQUAD FF GAMEPLAY | GARENA FREE FIRE,https://www.youtube.com/watch?v=ejH2G3Ss8Fc,Total Gaming,https://www.youtube.com/@TotalGaming093,1.2M views,1 day ago,üì∑ Instagram: https://www.instagram.com/totalgaming_official/ üïäÔ∏èTwitter:- https://twitter.com/total_gaming093 üëç Facebook: https://facebook.com/totalgaming093 üì∂Telegram: https://t.me/to...
NEW! Taarak Mehta Ka Ooltah Chashmah | Ep 3810 | 29 June 2023 | Teaser,https://www.youtube.com/watch?v=UtNHZTAD7ww,Sony SAB,https://www.youtube.com/@SonySAB,1.3M views,1 day ago,Click here to subscribe to SAB: https://www.youtube.com/channel/UC6-F5tO8uklgE9Zy8IvbdFw?sub_confirmation=1 Episode 3810: Wakeel Ka Number --------------------------------------------------------...
Bye Bye Dubai üòÉ,https://www.youtube.com/watch?v=Hi2YorQwT6c,Sourav Joshi Vlogs,https://www.youtube.com/@souravjoshivlogs7028,3.7M views,1 day ago,Follow me on Instagram- https://www.instagram.com/souravjoshivlogs/?hl=en I hope you enjoyed this video hit likes. And do subscribe to my channel Thank you so much for watching god bless...
WE MADE Swimming Pool In A Truck | Rimorav Vlogs,https://www.youtube.com/watch?v=Ln3amHwPyTM,Rimorav Vlogs,https://www.youtube.com/@RimoravVlogs,754K views,1 day ago,WATCH WE MADE Swimming Pool In A Truck by Rimorav Vlogs
"Udd Jaa Kaale Kaava - Teaser | Gadar 2 | Sunny Deol, Ameesha Patel | Mithoon,Udit N,Alka Y | Uttam S",https://www.youtube.com/watch?v=8HvuZJBWtbk,Zee Music Company,https://www.youtube.com/@zeemusiccompany,2.4M views,2 days ago,üëâüèª SUBSCRIBE to Zee Music Company - https://bit.ly/2yPcBkS Song: Udd Jaa Kaale Kaava Singers: Udit Narayan & Alka Yagnik Song Recreated and Rearranged by: Mithoon Original Composition:...
"Puneet Superstar, Bigg Boss Roast ft Fukra Insaan!",https://www.youtube.com/watch?v=DyB_YxOeNKA,Thugesh,https://www.youtube.com/@Thugesh,6.1M views,5 days ago,"Hello in this video we talk about big boss ott 2 and contestants of bigg boss, we talk about puneet superstar and his elimination , we talk about fukra insaan and bebita fight and much more!..."
Dune: Part Two | Official Trailer 2,https://www.youtube.com/watch?v=_YUzQa_1RCE,Warner Bros. Pictures,https://www.youtube.com/@WarnerBrosPictures,6.3M views,1 day ago,"Do what must be done. #DunePartTwo only in theaters November 3. DUNE: PART TWO The saga continues as award-winning filmmaker Denis Villeneuve embarks on ‚ÄúDune: Part Two,‚Äù the next chapter..."
Ya Ali | Rap Version | RCR | Zubeen Garg,https://www.youtube.com/watch?v=4gaSgePRqYo,RCR,https://www.youtube.com/channel/UCRzXxnEyPeYxJ7XUc_BIjCQ,880K views,2 days ago,"Kardo Pathar Dil Ko Mere, Fir Bewafai Wala Cement Lagao.... Iss Daur Mein Sab Kuch Hai Paisa, Biktey Hai Dil Sahi Keemat Lagao.... Ya Ali ( Rap Version ) By @Rcrrapstar @zubeengargmusic4594..."
Puneet Superstar and Fukra Insaan in Bigg Boss (Roast),https://www.youtube.com/watch?v=hzrGbd6PKaw,Triggered Insaan,https://www.youtube.com/@triggeredinsaan,13M views,6 days ago,We are talking about Lord Puneet and Abhishek aka Fukra Insaan in Bigg Boss OTT. Instagram ‚ñ∫ https://www.instagram.com/triggeredinsaan Facebook ‚ñ∫ https://www.facebook.com/realtriggeredinsaan...
‡§∂‡§æ‡§¶‡•Ä ‡§π‡•ã ‡§ó‡§à ‡§µ‡§ø‡§¶‡§æ‡§à ‡§Æ‡•á‡§Ç ‡§∏‡§æ‡§∏‡•Å ‡§Æ‡§æ‡§Å ‡§î‡§∞ ‡§∏‡§¨ ‡§¨‡§π‡•Å‡§§ ‡§∞‡•ã‡§Ø‡•á ‡§∏‡§¨‡§ï‡§æ ‡§π‡•Å‡§Ü ‡§¨‡•Å‡§∞‡§æ ‡§π‡§æ‡§≤ ‡§∞‡•ã ‡§∞‡•ã ‡§ï‡§∞üò≠üò≠,https://www.youtube.com/watch?v=ehVO0gGy5Q0,Mishtu & Mishti,https://www.youtube.com/@mishtumishti,146K views,12 hours ago,
Gokuldham ‡§Æ‡•á‡§Ç ‡§π‡•Å‡§à Renovation Party! | Taarak Mehta Ka Ooltah Chashmah | Monsoon Special,https://www.youtube.com/watch?v=_GEVbxFTyEY,Sony SAB,https://www.youtube.com/@SonySAB,1.9M views,2 days ago,Click here to subscribe to Sony SAB Channel: https://www.youtube.com/channel/UC6-F5tO8uklgE9Zy8IvbdFw?sub_confirmation=1 Champaklal places his point of preparing normal and healthy food for...
SOLO MIRAMAR DOMINATION | TOURNAMENT GAMEPLAY | BGMI,https://www.youtube.com/watch?v=Uem4SYi9vgQ,JONATHAN GAMING,https://www.youtube.com/@JONATHANGAMINGYT,1M views,4 days ago,"If you liked the Video don‚Äôt forget to Like, Share and Subscribe. Hey Guys, Welcome to my Youtube Channel, I'm Jonathan Amaral, you might know me as Jonathan Gaming. I started my professional..."
Finally Apni New Supercar Supra Mk4 Lene Ka Final Kardiya Ladakh Se üòç Ep12,https://www.youtube.com/watch?v=EredknNjMJI,The UK07 Rider,https://www.youtube.com/@TheUK07Rider,1.4M views,1 day ago,Giveaway Channel Video - https://youtu.be/1iRJ0QGvYMI Music 30 Days Free Subscription http://share.epidemicsound.com/uko7ri... Instagram https://www.instagram.com/anurag_dobhal Facebook-...
We are blessed with a Baby Boy | Alhamdulillah ü§≤,https://www.youtube.com/watch?v=qaQruOiw44I,Shoaib Ibrahim Official,https://www.youtube.com/@ShoaibIbrahimOfficial,5.3M views,5 days ago,My instagram:- https://instagram.com/shoaib2087?igshid=ji3wjs56r2jc My twitter:- https://twitter.com/shoaib_ibrahim1?s=21
GETTING OVER IT PRO MAX | ONLY UP HIGHLIGHT,https://www.youtube.com/watch?v=7IcqvWTS-oE,CarryisLive,https://www.youtube.com/@CarryisLive,690K views,1 day ago,The PRESTIGE MEMBER OF THE HOMO-BAKCHODIAN SOCIETY: GO TO‚ñ∂Ô∏èhttps://www.youtube.com/channel/UC0IWRLai-BAwci_e9MylNGw/join For Business related queries: workforcarry@gmail.com CarryMinati...
"RDX - Official Teaser | Shane Nigam, Antony Varghese, Neeraj Madhav | Nahas Hidhayath | Sam C S",https://www.youtube.com/watch?v=qr00IZ-hfBc,Saregama Malayalam,https://www.youtube.com/@saregamamalayalam,1.3M views,1 day ago,"Here is the official teaser of the most awaited 'RDX' starring Shane Nigam, Antony Varghese, Neeraj Madhav, Mahima Nambiar in lead roles. Written and directed by Nahas Hidhayath. Music composed..."
‡§Ü‡§∑‡§æ‡§¢‡•Ä ‡§è‡§ï‡§æ‡§¶‡§∂‡•Ä ‡§®‡§ø‡§Æ‡§ø‡§§‡•ç‡§§ ‡§¶‡§æ‡§¶‡§∞‡§ö‡•Ä ‡§∏‡•ç‡§µ‡§æ‡§¶‡§ø‡§∑‡•ç‡§ü ‡§´‡§∞‡§æ‡§≥‡•Ä ‡§Æ‡§ø‡§∏‡§≥ ‡§Ü‡§£‡§ø ‡§â‡§™‡§µ‡§æ‡§∏‡§æ‡§ö‡•á ‡§Æ‡•á‡§¶‡•Ç ‡§µ‡§°‡•á | Upvas Recipe In Marathi,https://www.youtube.com/watch?v=_wZRCRfUnvI,Gharcha Swaad,https://www.youtube.com/@GharchaSwaad,96K views,2 days ago,Farali Misal Recipe | Upvasache MeduVade | ‡§Ü‡§∑‡§æ‡§¢‡•Ä ‡§è‡§ï‡§æ‡§¶‡§∂‡•Ä ‡§µ‡§ø‡§∂‡•á‡§∑ | ‡§â‡§™‡§µ‡§æ‡§∏‡§æ‡§ö‡•á ‡§™‡§¶‡§æ‡§∞‡•ç‡§• | ‡§Æ‡§π‡§æ‡§∞‡§æ‡§∑‡•ç‡§ü‡•ç‡§∞‡§æ‡§ö‡•Ä ‡§Æ‡§ø‡§∏‡§≥...
"‡§Ü‡§∑‡§æ‡§¢‡•Ä ‡§è‡§ï‡§æ‡§¶‡§∂‡•Ä ‡§∏‡§æ‡§†‡•Ä ‡§ù‡§ü‡§™‡§ü ‡§â‡§™‡§µ‡§æ‡§∏‡§æ‡§ö‡•Ä ‡§•‡§æ‡§≥‡•Ä ‡•§ ‡§â‡§™‡§µ‡§æ‡§∏‡§æ‡§ö‡•á ‡§ó‡•Å‡§≤‡§æ‡§¨‡§ú‡§æ‡§Æ, ‡§ò‡§æ‡§µ‡§£‡•á , ‡§µ‡§°‡•á ‡§Ü‡§£‡§ø ‡§¨‡§∞‡§Ç‡§ö ‡§ï‡§æ‡§π‡•Ä | Vrat ki Thali",https://www.youtube.com/watch?v=8JcJ_sqcuGA,MadhurasRecipe Marathi,https://www.youtube.com/@MadhurasRecipeMarathi,516K views,4 days ago,‡§Æ‡§ß‡•Å‡§∞‡§æ‡§ú‡•ç ‡§∞‡•á‡§∏‡§ø‡§™‡•Ä‡§ö‡•á ‡§®‡§µ‡•Ä‡§® ‡§™‡•Å‡§∏‡•ç‡§§‡§ï ‡§ñ‡§∞‡•á‡§¶‡•Ä ‡§ï‡§∞‡§£‡•ç‡§Ø‡§æ‡§∏‡§æ‡§†‡•Ä ‡§ñ‡§æ‡§≤‡•Ä ‡§¶‡§ø‡§≤‡•á‡§≤‡•ç‡§Ø‡§æ ‡§≤‡§ø‡§Ç‡§ï ‡§µ‡§∞ ‡§ï‡•ç‡§≤‡§ø...
FORTUNER hui Kharab (Asher ki HOLIDAY Barbaad) üò¢,https://www.youtube.com/watch?v=F2nL_3p0-_g,Wanderers Hub,https://www.youtube.com/@WanderersHub,1.6M views,1 day ago,YE FORTUNER KO KYA HOGYA? üò¢ SUBSCRIBE!!! . . Read my travel stories: https://www.wanderershub.com/ Facebook - https://www.facebook.com/WHtravel/ Twitter - https://twitter.com/HubWanderers...
Ghum Hai Kisikey Pyaar Meiin: ‡§∏‡•á‡§ü ‡§™‡§∞ ‡§ê‡§∏‡•á ‡§Æ‡§®‡§æ‡§Ø‡§æ ‡§ó‡§Ø‡§æ ‡§∏‡§à ‡§î‡§∞ ‡§µ‡§ø‡§∞‡§æ‡§ü ‡§ï‡§æ ‡§Ü‡§ñ‡§∞‡•Ä ‡§¶‡§ø‡§® #sbs,https://www.youtube.com/watch?v=ztgAmePin5I,Saas Bahu aur Saazish,https://www.youtube.com/@sbsabpnews,476K views,3 days ago,#ghumhaikisikeypyaarmeiin #saivirat #ghkkpm #ghumhaikisikepyaarmein #saiviratchavan #saiviratmahamilan #sbs #saasbahuaursaazish #sbsoriginals #viratsai #starplusshows #ayeshasingh #neilbhatt...
Bayko Mazi Foreigner | Vinayak Mali Comedy,https://www.youtube.com/watch?v=AXDecN1bAdM,Vinayak Mali,https://www.youtube.com/@vinayakmali100,2.1M views,8 days ago,Hey guys you can also buy the items shown in this video from Amazon link given below Philips Multi Grooming Kit MG7715/65 https://amzn.eu/d/5lh4vtn?ref=ytcardphil&tag=amznbrandytcardjunvidphil1-21...
‚ù§Ô∏è 21-06-2023 ‚ù§Ô∏è | The Day We Became Parents ü§≤,https://www.youtube.com/watch?v=yQg1Rkdpcoc,Shoaib Ibrahim Official,https://www.youtube.com/@ShoaibIbrahimOfficial,6.1M views,3 days ago,My instagram:- https://instagram.com/shoaib2087?igshid=ji3wjs56r2jc My twitter:- https://twitter.com/shoaib_ibrahim1?s=21 Music: Joy Musician: ASHUTOSH Site: https://soundcloud.com/grandakt/joy
Puneet Superstar & Fukra insaan Fight With TV Actors! (BIGG BOSS),https://www.youtube.com/watch?v=R_Qy9xzeKi8,Thugesh,https://www.youtube.com/@Thugesh,4.6M views,2 days ago,"This is a follow up video to the bigg boss ott roast video we made few days ago, we talk about puneet superstar returns, fukra insaan fights with pooja bhatt, bebita and other contestants and..."
"Puneet Superstar, Bigg Boss Roast ft Fukra Insaan!",https://www.youtube.com/watch?v=DyB_YxOeNKA,Thugesh,https://www.youtube.com/@Thugesh,6.1M views,5 days ago,"Hello in this video we talk about big boss ott 2 and contestants of bigg boss, we talk about puneet superstar and his elimination , we talk about fukra insaan and bebita fight and much more!..."
"Rocky Aur Rani Kii Prem Kahaani - OFFICIAL TEASER | Dharmendra, Jaya, Shabana, Ranveer, Alia | Karan",https://www.youtube.com/watch?v=HZAyjBMTiaM,Dharma Productions,https://www.youtube.com/@DharmaMovies,27M views,10 days ago,"Karan Johar, in his 25th anniversary year - invites you to a world which magnifies the power of love, embraces the complexities of relationships, and celebrates the beauty of both perfect and..."
Tere Bin 2nd Last Ep - [Eng Sub] - Digitally Presented by Nisa BB Cream - Yumna Zaidi - Wahaj Ali,https://www.youtube.com/watch?v=5L72m71en8k,HAR PAL GEO,https://www.youtube.com/@HarPalGeoOfficial,27M views,2 days ago,Thanks for watching Har Pal Geo. Please click here https://bit.ly/3rCBCYN to Subscribe and hit the bell icon to enjoy Top Pakistani Dramas and satisfy all your entertainment needs. Do you know...
Lust Stories 2 | Official Trailer | Netflix India,https://www.youtube.com/watch?v=Z3Z7RocQUXI,Netflix India,https://www.youtube.com/@NetflixIndiaOfficial,27M views,9 days ago,"Get ready to have your Ã∂mÃ∂iÃ∂nÃ∂d Mount Fuji blownüåã because #LustStories2 is coming soon, only on Netflix! üòç #LustStories2OnNetflix Directed by: Amit Sharma, Konkona Sen Sharma, R...."
Jethalal ‡§®‡•á ‡§ï‡•ç‡§Ø‡•ã‡§Ç ‡§´‡•á‡§Ç‡§ï‡§æ Iyer ‡§™‡§∞ ‡§™‡§æ‡§®‡•Ä? | Taarak Mehta Ka Ooltah Chashmah | Monsoon Special,https://www.youtube.com/watch?v=UipfAnCe2gw,Sony LIV,https://www.youtube.com/@SonyLIV,4.3M views,10 days ago,Click here to subscribe to Sony LIV Channel: https://www.youtube.com/user/sonyliv Champaklal screams looking at Jetha's condition. He asks him to go out and get it cleaned before he enters...
Mystery of Titan Submarine | What Actually Happened? | Dhruv Rathee,https://www.youtube.com/watch?v=FoepniNiaW8,Dhruv Rathee,https://www.youtube.com/@dhruvrathee,3.6M views,1 day ago,‚úèÔ∏è JOIN MY COURSE: Learn how to manage time and maximize productivity in my specialised online course. Join here: https://academy.dhruvrathee.com Use TIME40 for a straight up 40% discount!...
‡§ú‡§æ‡§µ‡§à ‡§π‡§∞‡§µ‡§≤‡§æ ‡§™‡§Ç‡§¢‡§∞‡§™‡•Ç‡§∞ ‡§ö‡•ç‡§Ø‡§æ ‡§µ‡§æ‡§∞‡•Ä‡§§ üòÖ#‡§ï‡•â‡§Æ‡•á‡§°‡•Ä,https://www.youtube.com/watch?v=0pLLq7qJlOk,Madhukar Kute,https://www.youtube.com/@Madhukar_Kute,206K views,3 days ago,
Sandeep Bhaiya | Official Trailer | Streaming now on YouTube | TVF,https://www.youtube.com/watch?v=_dsSzmFy8gA,The Viral Fever,https://www.youtube.com/@TheViralFever,3.5M views,4 days ago,Zindagi mein ek hi mauka chahiye saare failures ko success mein badalne ka aur wahi ek mauke ki kahaani laaye hain Sandeep Bhaiya jinhone sapne ko satya mein badal ke rakh diya! Watch the...
We are blessed with a Baby Boy | Alhamdulillah ü§≤,https://www.youtube.com/watch?v=qaQruOiw44I,Shoaib Ibrahim Official,https://www.youtube.com/@ShoaibIbrahimOfficial,5.3M views,5 days ago,My instagram:- https://instagram.com/shoaib2087?igshid=ji3wjs56r2jc My twitter:- https://twitter.com/shoaib_ibrahim1?s=21
WELCOME BACK TO MY BEAUTIFUL WORLD | MINECRAFT GAMEPLAY #92,https://www.youtube.com/watch?v=CB73SkC5iwQ,Techno Gamerz,https://www.youtube.com/channel/UCX8pnu3DYUnx8qy8V_c6oHg,9.9M views,12 days ago,"WELCOME BACK TO MY BEAUTIFUL WORLD | MINECRAFT GAMEPLAY #92 #minecraft #ujjwal #technogamerz Subscribe to our Second YouTube Channel: https://www.youtube.com/c/UjjwalGamer Share, Support,..."
"Seetimaarr | New Released Hindi Dubbed Movie | Tottempudi Gopichand, Tamannaah Bhatia, Digangana",https://www.youtube.com/watch?v=WXP_fh0vSOM,Pen Movies,https://www.youtube.com/@PenMovies,17M views,2 weeks ago,"Seetimaarr | New Released Hindi Dubbed Movie | Tottempudi Gopichand, Tamannaah Bhatia, Digangana #Seetimaarr #HindiDubbedMovie #TottempudiGopichand #TamannaahBhatia Enjoy Super Hit 4K Movies..."
Sandeep Bhaiya | New Web Series | EP 01 | Mulyankan,https://www.youtube.com/watch?v=gYu2dEju6bI,The Viral Fever,https://www.youtube.com/@TheViralFever,2.5M views,11 hours ago,"Jab sapno ke last attempt mein failure milta hai tab koi Plan B kaam nahi aata, dekhiye ek aise student ki kahani jisne haar naa maan kar ALC tak ka safar tay kiya. Rate us on IMDb: https://www.i..."
When Desis Go To Europe - Expectations vs Reality,https://www.youtube.com/watch?v=OFjfmJNjvcM,Slayy Point,https://www.youtube.com/@SlayyPointOfficial,5.5M views,11 days ago,Plan your next trip on KAYAK - https://bit.ly/42K1Jx3 A Europe friends trip that didn't go according to plan. We went to France & Spain like zindagi na milegi dobara with @Mythpat @TechnoGamerzOff...
Living like a Mermaid üßú‚Äç‚ôÄÔ∏è for a day!,https://www.youtube.com/watch?v=2Y0QXjNMHlI,Pragati Verma,https://www.youtube.com/@PragatiVermaa,3M views,8 days ago,üßú‚Äç‚ôÄÔ∏è Living Like a Mermaid for a Day! üåä Dive into an enchanting underwater adventure as we take on the ultimate mermaid challenge. Join us on this magical journey as we transform...
Subhedar Teaser | Mrinal Kulkarni | Chinmay Mandalekar | Ajay Purkar | Digpal Lanjekar | 25th Aug 23,https://www.youtube.com/watch?v=DT2MP0lIvik,Everest Marathi,https://www.youtube.com/@EverestMarathi,714K views,9 days ago,‡§Ü‡§à ‡§≠‡§µ‡§æ‡§®‡•Ä‡§ö‡•ç‡§Ø‡§æ ‡§ö‡§∞‡§£‡•Ä ‡§Ö‡§∞‡•ç‡§™‡§£ ‡§ï‡§∞‡§§ ‡§Ü‡§π‡•ã‡§§ ‡§∂‡•ç‡§∞‡•Ä ‡§∂‡§ø‡§µ‡§∞‡§æ‡§ú ‡§Ö‡§∑‡•ç‡§ü‡§ï‡§æ‡§§‡•Ä‡§≤ ‡§™‡§æ‡§ö‡§µ‡•á ‡§ö‡§ø‡§§‡•ç‡§∞‡§™‡•Å‡§∑‡•ç‡§™...
"‡§Ü‡§∑‡§æ‡§¢‡•Ä ‡§è‡§ï‡§æ‡§¶‡§∂‡•Ä ‡§∏‡§æ‡§†‡•Ä ‡§ù‡§ü‡§™‡§ü ‡§â‡§™‡§µ‡§æ‡§∏‡§æ‡§ö‡•Ä ‡§•‡§æ‡§≥‡•Ä ‡•§ ‡§â‡§™‡§µ‡§æ‡§∏‡§æ‡§ö‡•á ‡§ó‡•Å‡§≤‡§æ‡§¨‡§ú‡§æ‡§Æ, ‡§ò‡§æ‡§µ‡§£‡•á , ‡§µ‡§°‡•á ‡§Ü‡§£‡§ø ‡§¨‡§∞‡§Ç‡§ö ‡§ï‡§æ‡§π‡•Ä | Vrat ki Thali",https://www.youtube.com/watch?v=8JcJ_sqcuGA,MadhurasRecipe Marathi,https://www.youtube.com/@MadhurasRecipeMarathi,516K views,4 days ago,‡§Æ‡§ß‡•Å‡§∞‡§æ‡§ú‡•ç ‡§∞‡•á‡§∏‡§ø‡§™‡•Ä‡§ö‡•á ‡§®‡§µ‡•Ä‡§® ‡§™‡•Å‡§∏‡•ç‡§§‡§ï ‡§ñ‡§∞‡•á‡§¶‡•Ä ‡§ï‡§∞‡§£‡•ç‡§Ø‡§æ‡§∏‡§æ‡§†‡•Ä ‡§ñ‡§æ‡§≤‡•Ä ‡§¶‡§ø‡§≤‡•á‡§≤‡•ç‡§Ø‡§æ ‡§≤‡§ø‡§Ç‡§ï ‡§µ‡§∞ ‡§ï‡•ç‡§≤‡§ø...
SOLO MIRAMAR DOMINATION | TOURNAMENT GAMEPLAY | BGMI,https://www.youtube.com/watch?v=Uem4SYi9vgQ,JONATHAN GAMING,https://www.youtube.com/@JONATHANGAMINGYT,1M views,4 days ago,"If you liked the Video don‚Äôt forget to Like, Share and Subscribe. Hey Guys, Welcome to my Youtube Channel, I'm Jonathan Amaral, you might know me as Jonathan Gaming. I started my professional..."
Horrid Indian Friends | EP - 02,https://www.youtube.com/watch?v=kJFZ5PxD1_w,HardToonz,https://www.youtube.com/@Hardtoonz22,1.6M views,2 days ago,"Download World of Warships now!! : https://wo.ws/3Njs8fj For Console, download here: https://wo.ws/43WtMKK Use Code ""PCBATTLE"" to get American Ship Charleston, Japanese Ship Mikasa, Soviet..."
What is NATO | NATO+ | CENTO |SEATO | WARSAW PACT | BAGHDAD PACT | UPSC New Batch Launched,https://www.youtube.com/watch?v=bgXllc6gaTI,Khan GS Research Centre,https://www.youtube.com/@khangsresearchcentre1685,2.1M views,2 days ago,Khan Sir Official App Link Here :- https://play.google.com/store/apps/details?id=xyz.penpencil.khansirofficial&hl=en_IN Website Link :- https://khanglobalstudies.com/ twitter Link :- https://twi...
LEO - Naa Ready Lyric Video | Thalapathy Vijay | Lokesh Kanagaraj | Anirudh Ravichander,https://www.youtube.com/watch?v=szvt1vD0Uug,Sony Music South,https://www.youtube.com/@SonyMusicSouth,39M views,8 days ago,In the smashing vocals of #ThalapathyVijay here comes the most -awaited #Leo first single #NaaReady composed by Rockstar Anirudh ! Directed by Lokesh Kanagaraj this one is sure to top charts...
"Pawan Singh, Shilpi Raj ‚Äì ‡§§‡•Ç‡§Ç ‡§π‡§Æ‡§æ‡§∞ ‡§¶‡•á‡§ñ‡§Ω | Tu Hamaar Dekha | Official Video",https://www.youtube.com/watch?v=KvcfSmTT098,VYRL Bhojpuri,https://www.youtube.com/@VYRLBhojpuri,11M views,8 days ago,‡§™‡§æ‡§µ‡§∞ ‡§∏‡•ç‡§ü‡§æ‡§∞ ‡§™‡§µ‡§® ‡§∏‡§ø‡§Ç‡§π ‡§î‡§∞ ‡§∂‡§ø‡§≤‡•ç‡§™‡•Ä ‡§∞‡§æ‡§ú ‡§ï‡§æ ‡§®‡§Ø‡§æ ‡§ó‡§æ‡§®‡§æ - ‡§§‡•Ç‡§Ç ‡§π‡§Æ‡§æ‡§∞ ‡§¶‡•á‡§ñ‡§Ω‡•§ ‡§µ‡•Ä‡§°‡§ø‡§Ø‡•ã ‡§ï‡•á ‡§Ü‡§™‡§®...
King of Kotha Official Teaser | Dulquer Salmaan | Abhilash Joshiy | Jakes Bejoy,https://www.youtube.com/watch?v=7tHHa20U1UI,Sony Music South,https://www.youtube.com/@SonyMusicSouth,10M views,2 days ago,"Cast: Dulquer Salmaan, Aishwarya Lekshmi, Dancing Rose Shabeer, Prasanna, Nyla Usha, Chemban Vinod, Gokul Suresh, Shammi Thilakn, Shanthi Krishna, Vada Chennai Saran, and Anikha Surendran ..."
ROUND 2 HELL ROAST ON THE THUGESH SHOW | S01E06 | @Round2hell,https://www.youtube.com/watch?v=RgD8sDUKn-g,Thugesh,https://www.youtube.com/@Thugesh,10M views,2 weeks ago,Get Your Layers skin here! https://www.layers.shop/?utm_source=Thugesh&utm_medium=referral&utm_campaign=Thugesh_round2hell Welcome to episode 6 of the thugesh thugesh today we bring to you...
‡§™‡•ç‡§∞‡§ï‡§æ‡§∂ ‡§Ü‡§Ç‡§¨‡•á‡§°‡§ï‡§∞ ‡§§‡•Å‡§Æ‡•ç‡§π‡§æ‡§∞‡§æ ‡§¨‡§æ‡§™ ‡§π‡•à ‡§ï‡•ç‡§Ø‡§æ ? ‡§á‡§Æ‡•ç‡§§‡§ø‡§Ø‡§æ‡§ú‡§º ‡§ú‡§≤‡•Ä‡§≤ ‡§®‡•á ‡§ê‡§∏‡§æ ‡§ï‡•ç‡§Ø‡•ã‡§Ç ‡§ï‡§π‡§æ ?,https://www.youtube.com/watch?v=LQgFOHfWo7w,Loknyay Hind,https://www.youtube.com/@LoknyayHind,338K views,4 days ago,Is Prakash Ambedkar your father ? MP Imtiaz Jaleel. Please Subscribe For more Video: https://www.youtube.com/channel/UCv6Sy9ECltF-lMOn_v8vJNw Facebook: https://www.facebook.com/loknyay.hind...
Finally Granny Chapter 1 Mein Escape Karliyaüò≠üò≠,https://www.youtube.com/watch?v=W_KyUiaYKnI,Live Insaan,https://www.youtube.com/@liveinsaan,2.5M views,4 days ago,Granny 1 completed. Mission Successful. Become a Channel Member ‚ñ∫ https://www.youtube.com/channel/UCFwKgzKe-EdTz83r6wzhmOw/join Instagram ‚ñ∫ https://www.instagram.com/triggeredinsaan ...
TRAVEL INSURANCE! ft. Pantar Log convos! @KirtiChow @RIYAGOGOI @Swasti1,https://www.youtube.com/watch?v=U_CEHOf3Wv8,R.G Bucket List,https://www.youtube.com/@RGBucketList,4.3M views,12 days ago,Join my Discord for a fun upcoming event : https://discord.gg/rgbucketlist ---------------------------------------------------------------------------------- These are the things that I use...
I GOT SURPRISED WITH 100 CHOCOLATES üòç,https://www.youtube.com/watch?v=s4cbEAcWFt4,urmila,https://www.youtube.com/@urmilaaa,290K views,1 day ago,Thank you so much everyone for 1M subscribers! Hope you enjoy this vlog in which we celebrate 1 Million Special. @Mythpat suprises me with a new fridge and I surprise my family with a NEW TV...
How To Link Pan Card To Aadhar Card 2023 - Pan aadhar link kaise kare - Pan aadhaar link online-2023,https://www.youtube.com/watch?v=dCmorQc8zLU,Sarkari DNA,https://www.youtube.com/@SarkariDNA,539K views,5 days ago,"How To Link Pan Card To Aadhar Card 2023 - Pan aadhar link kaise kare - Pan aadhaar link online-2023 This video is about Pan aadhar link 2023 mein PAN card ko Aadhaar card se kaise jodein,..."
India 4-0 Pakistan | Full Highlights | SAFF Championship 2023,https://www.youtube.com/watch?v=fbO_0AbkUOg,Indian Football,https://www.youtube.com/@IndianFootball,5.1M views,9 days ago,Perfect start to #SAFFChampionship2023 for the #BlueTigers üêØ Watch the Full Highlights her #INDPAK #IndianFootball ‚öΩÔ∏è Find us on - Website: https://www.the-aiff.com Instagram: https://ww...
Tere Bin Last Episode Teaser - 28th June 2023 - HAR PAL GEO,https://www.youtube.com/watch?v=jRVe8lB1i1M,HAR PAL GEO,https://www.youtube.com/@HarPalGeoOfficial,16M views,2 days ago,Thanks for watching Har Pal Geo. Please click here https://bit.ly/3rCBCYN to Subscribe and hit the bell icon to enjoy Top Pakistani Dramas and satisfy all your entertainment needs. Do you know...
"Pinga | Baipan Bhari Deva | Deepa C, Suchitra, Rohini, Sukanya, Vandana | Manasee H | Sai-Piyush",https://www.youtube.com/watch?v=G9jigWeQmAo,Zee Music Marathi,https://www.youtube.com/@zeemusicmarathi,374K views,4 days ago,SUBSCRIBE to Zee Music Marathi - https://bit.ly/2K8Hu9p To stream & download Full Song - Gaana - https://bit.ly/3prbBhl JioSaavn - https://www.jiosaavn.com/song/pinga/ICoKSEIGRFs Wynk Music...
Jethalal ‡§∏‡•á ‡§ï‡•à‡§∏‡•á ‡§ü‡•Ç‡§ü ‡§ó‡§Ø‡§æ Dining Table? | Taarak Mehta Ka Ooltah Chashmah | Comedy Express,https://www.youtube.com/watch?v=E7GVAVB__CU,LIV Comedy,https://www.youtube.com/@LIVComedy,3.2M views,7 days ago,"Click here to Subscribe to LIV Comedy: https://www.youtube.com/channel/UCBIT1FSJW6yTlzqK-31FDWg?sub_confirmation=1 Jethalal, Taarak, Bhide, Sodhi and others try to lift Doctor Haathi from..."
"Tiku Weds Sheru - Official Trailer | Nawazuddin Siddiqui, Avneet Kaur | Prime Video India",https://www.youtube.com/watch?v=0mvglHtAGC8,Prime Video India,https://www.youtube.com/@PrimeVideoIN,20M views,2 weeks ago,"Prime Video Presents Tiku Weds Sheru Official Trailer Directed by Sai Kabir Starring Nawazuddin Siddiqui and Avneet Kaur Produced by Kangana Ranaut Official Release Date June 23, 2023 on Prime..."
Pee Le Pee Le O More Raja | Raaj Kumar | Nana Patekar | Tirangaa (1993),https://www.youtube.com/watch?v=r1xESw1tLAc,90s Hindi Songs,https://www.youtube.com/@90shindi_songs,889K views,8 days ago,"Pee Le Pee Le O More Raja is a popular friendship song sung by Mohammed Aziz, Sudesh Bhosle and composed by Laxmikant Pyarelal. This song is from the film Tirangaa (1993) starring Raaj Kumar..."
"Pasoori Nu: SatyaPrem Ki Katha |Kartik, Kiara |Arijit, Rochak, Ali, Tulsi, Gurpreet |Sajid N, Sameer",https://www.youtube.com/watch?v=Yiw354fkSOs,T-Series,https://www.youtube.com/@tseries,20M views,4 days ago,"Presenting the song, #Pasoori Nu from the movie #SatyaPremKiKatha Relive the Global Hit! Kartik Aaryan as SatyaPrem Kiara Advani as Katha Produced by Sajid Nadiadwala, Shareen Mantri Kedia..."
Marathi Manus and Pavsala | #BhaDiPa,https://www.youtube.com/watch?v=PNJo0YQfd5U,Bharatiya Digital Party,https://www.youtube.com/@BhaDiPa,142K views,1 day ago,#Monsoon #MonsoonSpecial #marathimanus Marathi Manus is back! But so has the monsoon. This season is fun until it comes to your daily life hassle. How would marathi manus deal with rains?...
"Biparjoy ‡§ï‡§æ Rajasthan ‡§Æ‡•á‡§Ç ‡§Ö‡§∏‡§∞ Barmer ‡§Æ‡•á‡§Ç ‡§¨‡§æ‡§∞‡§ø‡§∂ ‡§®‡•á 25 ‡§∏‡§æ‡§≤ ‡§ï‡§æ ‡§∞‡§ø‡§ï‡•â‡§∞‡•ç‡§° ‡§§‡•ã‡§°‡§º‡§æ, ‡§ï‡§à ‡§á‡§≤‡§æ‡§ï‡•ã‡§Ç ‡§Æ‡•á‡§Ç ‡§¨‡§æ‡§¢‡§º",https://www.youtube.com/watch?v=sBOSu7sN9nA,Amar Ujala,https://www.youtube.com/@amarujala,4M views,12 days ago,#biparjoy #rajasthanweather #heavyrain #amarujalanews ‡§ö‡§ï‡•ç‡§∞‡§µ‡§æ‡§§‡•Ä ‡§§‡•Ç‡§´‡§æ‡§® ‡§¨‡§ø‡§™‡§∞‡§ú‡•â‡§Ø ‡§Ö‡§¨ ‡§∞‡§æ‡§ú‡§∏‡•ç‡§•‡§æ‡§® ‡§Æ‡•á‡§Ç ‡§ï‡§π‡§∞ ‡§Æ‡§ö‡§æ ‡§∞‡§π‡§æ...
Emergency Release Date Announcement | Kangana R | Manikarnika Films | In Cinemas 24th November 2023,https://www.youtube.com/watch?v=MzxGN2xAa-4,Manikarnika Films,https://www.youtube.com/@manikarnikafilms1716,3.8M views,6 days ago,A protector or a Dictator? Witness the darkest phase of our history when the leader of our nation declared a war on it‚Äôs people. #Emergency releasing worldwide on 24th November #KanganaRanaut...
"Doctor - 2023 New Released South Hindi Dubbed Movie| Sivakarthikeyan, Vinay Rai, Priyanka Arul Mohan",https://www.youtube.com/watch?v=I4ExGtdRgX8,Goldmines,https://www.youtube.com/@GoldminesTelefilms,21M views,2 weeks ago,"When a military doctor tracks down his former fiancee's kidnapped niece, he discovers a complex human trafficking ring in Goa. He then weaves an intricate trap to capture the perpetrators...."
Surviving 99 YEARS As SKIBIDI TOILET in GTA 5,https://www.youtube.com/watch?v=4-UUCtOCYzI,TheLoudDude,https://www.youtube.com/@TheLoudDude,866K views,2 days ago,"Simply Gamer - https://www.youtube.com/@simplygamer_on Surviving 99 YEARS As SKIBIDI TOILET in GTA 5 Don't forget to leave a Like, Comment and Favorite, helps out a lot!! FOLLOW, LIKE AND..."
‡§¶‡§æ‡§¶‡§æ -‡§™‡•ã‡§§‡•á ‡§ï‡•Ä ‡§ú‡•ã‡§°‡§º‡•Ä ‡§®‡•á ‡§ï‡•Ä Jetha ‡§ï‡•Ä ‡§ü‡§æ‡§Ç‡§ó ‡§ñ‡§ø‡§Ç‡§ö‡§æ‡§à | Taarak Mehta Ka Ooltah Chashmah | Comedy Express,https://www.youtube.com/watch?v=19-vx1edVFw,LIV Comedy,https://www.youtube.com/@LIVComedy,2.8M views,5 days ago,"Click here to Subscribe to LIV Comedy: https://www.youtube.com/channel/UCBIT1FSJW6yTlzqK-31FDWg?sub_confirmation=1 Everyone is excited about renovation. Babita's brother is an architect,..."
Gadar 2 Teaser | In Cinemas 11th August | Sunny Deol | Ameesha Patel | Anil Sharma | Zee Studios,https://www.youtube.com/watch?v=7kcjLAqdTy4,Zee Studios,https://www.youtube.com/@ZeeStudiosOfficial,27M views,2 weeks ago,Tara Singh is back! üî®üî• #Gadar2Teaser is officially out now! In Cinemas on 11th August. #Gadar2 #SunnyDeol #AmeeshaPatel #AnilSharma #ZeeStudios Zee Studios Presents Directed by -...
NALLI BIRYANI | Mutton Biryani Recipe Cooking in Village | Mutton Bone Marrow | Lamb Shanks Recipe,https://www.youtube.com/watch?v=m6X6XMROdBQ,Village Cooking Channel,https://www.youtube.com/@VillageCookingChannel,9.9M views,6 days ago,"Today in our village, We cook the Nalli biryani recipe using fresh lamb shanks. We use Seeraga samba rice to make this traditional biryani recipe. The special of this mutton recipe is while..."
